,event_name,event_location,event_lat,event_long,artist,url
0,Luna,Washington,38.91819,-77.02241,Luna,https://www.ticketmaster.com/luna-washington-district-of-columbia-09-06-2023/event/15005E84C52A2156
1,Luna,New York,40.720364,-73.993542,Luna,https://www.ticketmaster.com/luna-new-york-new-york-09-07-2023/event/00005E55F10D8A6B
2,Luna,New York,40.720364,-73.993542,Luna,https://www.ticketmaster.com/luna-new-york-new-york-09-08-2023/event/00005E55F1C48A9C
3,Luna,New York,40.720364,-73.993542,Luna,https://www.ticketmaster.com/luna-new-york-new-york-09-09-2023/event/00005E61DCF06B53
4,Luna Bec,London,51.53738687,-0.14575869,Luna,https://www.ticketweb.uk/event/luna-bec-green-note-tickets/13041275?REFERRAL_ID=tmfeed
5,Luedji Luna,London,51.551041,-0.075203,Luna,https://www.ticketweb.uk/event/luedji-luna-earth-tickets/13033775?REFERRAL_ID=tmfeed
6,Luedji Luna,Dublin,53.335569,-6.256498,Luna,https://www.ticketmaster.ie/luedji-luna-dublin-02-07-2023/event/18005E849B0F263C
7,Froukje + Luna Morgenstern,Groningen,53.21417,6.57565,Luna,https://www.ticketmaster.nl/event/froukje--luna-morgenstern-tickets/287525?language=en-us
8,Froukje  + Luna Morgenstern,Groningen,53.21417,6.57565,Luna,https://www.ticketmaster.nl/event/froukje--luna-morgenstern-tickets/287991?language=en-us
9,Ottmar Liebert & Luna Negra,Tucson,32.22193527,-110.96641541,Luna,https://www.ticketmaster.com/ottmar-liebert-luna-negra-tucson-arizona-05-08-2023/event/19005E41DB7B5362
10,Jon Allen & the Luna Kings,Glasgow,55.87738,-4.289157,Luna,https://www.ticketweb.uk/event/jon-allen-the-luna-oran-mor-tickets/12965425?REFERRAL_ID=tmfeed
11,Jon Allen & the Luna Kings,Glasgow,55.87738,-4.289157,Luna,https://www.ticketmaster.co.uk/jon-allen-the-luna-kings-glasgow-03-06-2023/event/36005E56D9C75022
12,Jon Allen and the Luna Kings,Birmingham,52.473268,-1.9002009,Luna,https://www.ticketmaster.co.uk/jon-allen-and-the-luna-kings-birmingham-11-05-2023/event/1F005E3E095C725A
13,"Broken Lamps, So Luna, What On Earth",St Albans,51.750295,-0.329006,Luna,https://www.ticketweb.uk/event/broken-lamps-so-luna-what-the-horn-tickets/13034815?REFERRAL_ID=tmfeed
14,NANCY DUNKLE + Luna and the Carpets + Padma,Syracuse,43.048366,-76.153423,Luna,https://www.ticketweb.com/event/nancy-dunkle-luna-and-funk-n-waffles-tickets/13047115
15,Álvaro de Luna & Marlon - Festival Starlite 2023,Marbella,36.5266,-4.94999,Luna,https://www.ticketmaster.es/event/alvaro-de-luna--marlon-festival-starlite-2023-tickets/34373?language=en-us
16,Hija de la Luna Homenaje a Mecano Robin Torres.,México,19.433457,-99.146811,Luna,https://www.ticketmaster.com.mx/hija-de-la-luna-homenaje-a-mexico-02-09-2023/event/14005D6FC9DB5E75
17,"OTEP, Luna 13, Gerry Dead, Post Mortem Superstar",West Hollywood,34.090897,-118.385693,Luna,https://www.ticketweb.com/event/otep-luna-13-gerry-dead-whisky-a-go-go-tickets/12850795
18,Mezcal & Hot Dogs: A Mezcal Exploration Journey,Greeley,40.4236378,-104.6913187,Luna,https://www.ticketweb.com/event/mezcal-hot-dogs-a-lunas-tacos-tequila-tickets/13036925
19,Mezcal & Hot Dogs: A Mezcal Exploration Journey,Greeley,40.4236378,-104.6913187,Luna,https://www.ticketweb.com/event/mezcal-hot-dogs-a-lunas-tacos-tequila-tickets/13037095
20,The Smiths Ltd,Newcastle Upon Tyne,54.974933,-1.59238,The Smiths,https://www.ticketweb.uk/event/the-smiths-ltd-the-cluny-tickets/12663645?REFERRAL_ID=tmfeed
21,The Smiths LTD,Sheffield,53.376334,-1.464856,The Smiths,https://www.ticketweb.uk/event/the-smiths-ltd-the-leadmill-tickets/12858105?REFERRAL_ID=tmfeed
22,The Smiths Ltd,Manchester,53.464386,-2.232225,The Smiths,https://www.ticketweb.uk/event/the-smiths-ltd-manchester-academy-3-tickets/12848475?REFERRAL_ID=tmfeed
23,The Smiths Tribute NYC,New York,40.720364,-73.993542,The Smiths,https://www.ticketmaster.com/the-smiths-tribute-nyc-new-york-new-york-04-18-2023/event/00005E5CFCA789C6
24,Louder Than Bombs - The Smiths United,Ferndale,42.461839,-83.134773,The Smiths,https://www.ticketweb.com/event/louder-than-bombs-the-magic-bag-tickets/12818925
25,These Charming Men - Tribute To the Smiths & Morrissey,Belfast,54.58886889,-5.93326092,The Smiths,https://www.ticketmaster.ie/these-charming-men-tribute-to-the-belfast-27-05-2023/event/38005D7CD0E81A15
26,"Oasis Maybe (Tribute Band), the Ultimate Stone Roses, the Smiths Utd",London,51.475524,-0.03838,The Smiths,https://www.ticketweb.uk/event/oasis-maybe-tribute-band-the-new-cross-inn-tickets/12838955?REFERRAL_ID=tmfeed
27,The Strangers (Cure Tribute) w/ The Handsome Devilz (Smiths & Morrissey Tribute),Chicago,41.947012,-87.656821,The Smiths,https://www.ticketweb.com/event/the-strangers-cure-tribute-w-cubby-bear-tickets/13118415
28,Oasis - Stone Roses - the Smiths Tribute Triple Header - Manchester In,Bradford,53.794419,-1.753727,The Smiths,https://www.ticketweb.uk/event/oasis-stone-roses-nightrain-tickets/11888515?REFERRAL_ID=tmfeed
29,"Bigmouth (The Smiths Tribute), Morning Glory (Oasis Tribute), Orange C",Clifton,40.857882,-74.147614,The Smiths,https://www.ticketweb.com/event/bigmouth-the-smiths-tribute-morning-dingbatz-tickets/12854885?REFERRAL_ID=tmfeed
30,Corey Smith,Indianapolis,39.768343,-86.249381,The Smiths,https://www.ticketmaster.com/corey-smith-indianapolis-indiana-04-14-2023/event/05005E5405584C8B
31,Smith & Brewer,London,51.53738687,-0.14575869,The Smiths,https://www.ticketweb.uk/event/smith-brewer-green-note-tickets/12917015?REFERRAL_ID=tmfeed
32,Jason Smith,Boston,42.35330048,-71.04747991,The Smiths,https://www.ticketmaster.com/jason-smith-boston-massachusetts-04-20-2023/event/01005E61CA484872
33,Caitlyn Smith,Atlanta,33.7918926,-84.3877907,The Smiths,https://www.ticketmaster.com/caitlyn-smith-atlanta-georgia-04-20-2023/event/0E005E6747806925
34,Conner Smith,Baton Rouge,30.4515265,-91.1183898,The Smiths,https://www.ticketmaster.com/conner-smith-baton-rouge-louisiana-04-22-2023/event/1B005E34C0E97396
35,Nate Smith,Portsmouth,43.07634404,-70.76009881,The Smiths,https://www.ticketmaster.com/nate-smith-portsmouth-new-hampshire-04-22-2023/event/01005E4A00EC98C8
36,Jason Smith,Everett,42.395651,-71.069057,The Smiths,https://www.ticketmaster.com/jason-smith-everett-massachusetts-04-22-2023/event/01005E670A7B765F
37,Nate Smith,Portsmouth,43.07634404,-70.76009881,The Smiths,https://www.ticketmaster.com/nate-smith-portsmouth-new-hampshire-04-22-2023/event/01005E50E5F06876
38,Dallas Smith,Windsor,42.3206495,-83.0354514,The Smiths,https://www.ticketmaster.ca/dallas-smith-windsor-ontario-04-28-2023/event/10005E320DAD481F
39,Martin Smith,Nottingham,52.953713,-1.145879,The Smiths,https://www.ticketweb.uk/event/martin-smith-the-bodega-tickets/13008335?REFERRAL_ID=tmfeed
40,Paramore,Austin,30.280735,-97.730837,Paramore,https://www.ticketmaster.com/paramore-austin-texas-07-09-2023/event/3A005D63948023A9
41,Paramore,New York,40.7497062,-73.9916006,Paramore,https://www.ticketmaster.com/paramore-new-york-new-york-05-30-2023/event/3B005D62DAA8255D
42,Paramore,Fort Worth,32.741072,-97.368507,Paramore,https://www.ticketmaster.com/paramore-fort-worth-texas-07-08-2023/event/0C005D62BA842A16
43,Paramore,Inglewood,33.9583,-118.341868,Paramore,https://www.ticketmaster.com/paramore-inglewood-california-07-19-2023/event/09005D633BE293C2
44,Paramore,Denver,39.74724,-105.010166,Paramore,https://www.ticketmaster.com/paramore-denver-colorado-07-13-2023/event/1E005D63F14D4D42
45,Paramore,Inglewood,33.9583,-118.341868,Paramore,https://www.ticketmaster.com/paramore-inglewood-california-07-20-2023/event/09005D68D5115009
46,Paramore,Washington,38.897412,-77.020029,Paramore,https://www.ticketmaster.com/paramore-washington-district-of-columbia-06-02-2023/event/15005D63962B1DB5
47,Paramore,San Francisco,37.76797,-122.387464,Paramore,https://www.ticketmaster.com/paramore-san-francisco-california-07-22-2023/event/1C005D6396B82514
48,Paramore,New York,40.7497062,-73.9916006,Paramore,https://www.ticketmaster.com/paramore-new-york-new-york-05-31-2023/event/3B005D62DAB42565
49,Paramore,Orlando,28.539293,-81.383957,Paramore,https://www.ticketmaster.com/paramore-orlando-florida-06-13-2023/event/22005D63E73CD4E7
50,Paramore,San Diego,32.77229,-117.07192,Paramore,https://www.ticketmaster.com/paramore-san-diego-california-07-16-2023/event/0A005D62F0C746E9
51,Paramore,Atlanta,33.757796,-84.394569,Paramore,https://www.ticketmaster.com/paramore-atlanta-georgia-05-25-2023/event/0E005D6497A91CC0
52,Paramore,Seattle,47.6221261,-122.35401604,Paramore,https://www.ticketmaster.com/paramore-seattle-washington-07-24-2023/event/0F005D6190711281
53,Paramore,Charlotte,35.225222,-80.839921,Paramore,https://www.ticketmaster.com/paramore-charlotte-north-carolina-05-23-2023/event/2D005D6371521213
54,Paramore,Hollywood,26.0503384,-80.2109577,Paramore,https://www.ticketmaster.com/paramore-hollywood-florida-06-14-2023/event/0D005D6329CFF6EC
55,Paramore,Saint Paul,44.94489438,-93.10121819,Paramore,https://www.ticketmaster.com/paramore-saint-paul-minnesota-08-02-2023/event/06005D61C264712E
56,Paramore,Detroit,42.341089,-83.055434,Paramore,https://www.ticketmaster.com/paramore-detroit-michigan-06-07-2023/event/08005D63AB532415
57,Paramore,Salt Lake City,40.767798,-111.901096,Paramore,https://www.ticketmaster.com/paramore-salt-lake-city-utah-07-27-2023/event/1E005D63A1F425D1
58,Paramore,Columbus,40.0080079,-83.0249081,Paramore,https://www.ticketmaster.com/paramore-columbus-ohio-06-10-2023/event/05005D6312916F50
59,Paramore,Pittsburgh,40.4388401,-79.9908551,Paramore,https://www.ticketmaster.com/paramore-pittsburgh-pennsylvania-06-11-2023/event/16005D63B1EA439E
60,100 Gecs,Salt Lake City,40.782001,-111.7519,100 gecs,https://www.ticketmaster.com/event/Z7r9jZ1AdqfCA
61,100 Gecs,Denver,39.7896,-104.9422,100 gecs,https://www.ticketmaster.com/event/Z7r9jZ1AdqfC8
62,100 Gecs,Royal Oak,42.4907,-83.137901,100 gecs,https://www.ticketmaster.com/event/Z7r9jZ1AdqfC7
63,100 Gecs,Boston,42.3489,-71.156502,100 gecs,https://www.ticketmaster.com/event/Z7r9jZ1AdqfCF
64,100 Gecs,Philadelphia,39.964001,-75.147697,100 gecs,https://www.ticketmaster.com/event/Z7r9jZ1AdqfCa
65,"100 Gecs Present: 10,000 Gecs Tour 2",Toronto,43.66684147,-79.31351149,100 gecs,https://www.ticketmaster.ca/100-gecs-present-10000-gecs-tour-toronto-ontario-04-22-2023/event/10005E2AABA713FB
66,"100 Gecs Present: 10,000 Gecs Tour 2",Orlando,28.473773,-81.468224,100 gecs,https://www.ticketmaster.com/100-gecs-present-10000-gecs-tour-orlando-florida-05-11-2023/event/22005E66CADDCAB3
67,"100 Gecs Present: 10,000 Gecs Tour 2",Phoenix,33.451085,-112.079228,100 gecs,https://concerts.livenation.com/100-gecs-present-10000-gecs-tour-phoenix-arizona-05-16-2023/event/19005E24C2FA2B76
68,100 Gecs w/ Machine Girl,Seattle,47.576599,-122.331596,100 gecs,https://www.ticketmaster.com/event/Z7r9jZ1AdqE3k
69,100 Gecs w/ Machine Girl,San Diego,32.777599,-117.195999,100 gecs,https://www.ticketmaster.com/event/Z7r9jZ1AdqfCd
70,"100 gecs - 10,000 gecs tour 2 with Machine Girl",Hollywood,34.09850537,-118.32421313,100 gecs,https://concerts.livenation.com/100-gecs-10000-gecs-tour-2-hollywood-california-05-19-2023/event/09005E25D4C03A40
71,"100 gecs present: 10,000 gecs tour 2 with Machine Girl",St Louis,38.655624,-90.297912,100 gecs,https://www.ticketmaster.com/100-gecs-present-10000-gecs-tour-st-louis-missouri-04-15-2023/event/06005E29A40D3EDA
72,"100 gecs present: 10,000 gecs tour 2 with Machine Girl",Madison,43.080888,-89.374566,100 gecs,https://www.ticketmaster.com/100-gecs-present-10000-gecs-tour-madison-wisconsin-04-16-2023/event/07005E25BF242419
73,"100 gecs present: 10,000 gecs tour 2 with Machine Girl", Minneapolis,44.975183,-93.263512,100 gecs,https://www.ticketmaster.com/100-gecs-present-10000-gecs-tour-minneapolis-minnesota-04-18-2023/event/06005E2DD0BA585D
74,"100 gecs present: 10,000 gecs tour 2 with Machine Girl",Chicago,41.96941873,-87.65797212,100 gecs,https://concerts.livenation.com/100-gecs-present-10000-gecs-tour-chicago-illinois-04-20-2023/event/04005E25E1642499
75,"100 gecs present: 10,000 gecs tour 2 with Machine Girl",Montreal,45.5105348,-73.563372,100 gecs,https://www.ticketmaster.ca/100-gecs-present-10000-gecs-tour-montreal-quebec-04-24-2023/event/31005E2AAE111B38
76,"100 gecs present: 10,000 gecs tour 2 with Machine Girl",Raleigh,35.815896,-78.619991,100 gecs,https://concerts.livenation.com/100-gecs-present-10000-gecs-tour-raleigh-north-carolina-05-02-2023/event/2D005E31202B8C28
77,"100 gecs present: 10,000 gecs tour 2 with Machine Girl",Atlanta,33.758688,-84.391449,100 gecs,https://concerts.livenation.com/100-gecs-present-10000-gecs-tour-atlanta-georgia-05-03-2023/event/0E005E240CCC416B
78,"100 gecs present: 10,000 gecs tour 2 with Machine Girl",Dallas,32.76931197,-96.79808128,100 gecs,https://www.ticketmaster.com/100-gecs-present-10000-gecs-tour-dallas-texas-05-05-2023/event/0C005E25AEED2A63
79,"100 gecs present: 10,000 gecs tour 2 with Machine Girl",Austin ,30.268487,-97.736192,100 gecs,https://stubbs.frontgatetickets.com/event/zs1g9n1by9xt3qjm
80,Fall Out Boy,Vorst,50.80999,4.32601,Fall Out Boy,https://www.ticketmaster.be/event/fall-out-boy-tickets/55023
81,FALL OUT BOY,Leeds,53.804616,-1.544073,Fall Out Boy,https://www.eticketing.co.uk/asmgloballeeds
82,FALL OUT BOY,Manchester,53.488164,-2.244066,Fall Out Boy,https://www.eticketing.co.uk/asmglobalmanchester
83,Fall Out Boy - Premium Package - The Gallery,Leeds,53.804616,-1.544073,Fall Out Boy,https://www.ticketmaster.co.uk/fall-out-boy-premium-package-the-leeds-27-10-2023/event/1F005E4DE7A88183
84,Fall Out Boy - Premium Package - The Mixer,Leeds,53.804616,-1.544073,Fall Out Boy,https://www.ticketmaster.co.uk/fall-out-boy-premium-package-the-leeds-27-10-2023/event/1F005E4FF0D77D04
85,Fall Out Boy | Premium-Package GOLD,Hamburg,53.58894,9.899,Fall Out Boy,https://www.ticketmaster.de/event/fall-out-boy-%7C-premium-package-gold-tickets/501219?language=en-us
86,Fall Out Boy - So Much For (Tour) Dust,Chicago,41.947304,-87.656447,Fall Out Boy,http://cubs.com/falloutboy
87,Fall Out Boy - So Much For (Tour) Dust,Bonner Springs,39.11365616,-94.87693183,Fall Out Boy,https://www.ticketmaster.com/fall-out-boy-so-much-for-bonner-springs-kansas-06-24-2023/event/06005E38E8FA9988
88,Fall Out Boy - So Much For (Tour) Dust,Woodlands,30.16190839,-95.46435087,Fall Out Boy,https://concerts.livenation.com/fall-out-boy-so-much-for-woodlands-texas-06-27-2023/event/3A005E3A06D2A0D1
89,Fall Out Boy - So Much For (Tour) Dust,Dallas,32.77507215,-96.75646586,Fall Out Boy,https://concerts.livenation.com/fall-out-boy-so-much-for-dallas-texas-06-28-2023/event/0C005E3BF48E6E69
90,Fall Out Boy - So Much For (Tour) Dust,Phoenix,33.470823,-112.232875,Fall Out Boy,https://concerts.livenation.com/fall-out-boy-so-much-for-phoenix-arizona-06-30-2023/event/19005E3895801F6F
91,Fall Out Boy - So Much For (Tour) Dust,Chula Vista,32.58830386,-117.00640802,Fall Out Boy,https://concerts.livenation.com/fall-out-boy-so-much-for-chula-vista-california-07-01-2023/event/0A005E3AB86B3215
92,Fall Out Boy - So Much For (Tour) Dust,Los Angeles,34.012879,-118.284926,Fall Out Boy,https://www.ticketmaster.com/fall-out-boy-so-much-for-los-angeles-california-07-02-2023/event/0A005E3A10AF6A2F
93,Fall Out Boy - So Much For (Tour) Dust,Los Angeles,34.012879,-118.284926,Fall Out Boy,https://www.ticketmaster.com/fall-out-boy-so-much-for-los-angeles-california-07-03-2023/event/0A005E41B6834047
94,Fall Out Boy - So Much For (Tour) Dust,Mountain View,37.426718,-122.080722,Fall Out Boy,https://concerts.livenation.com/fall-out-boy-so-much-for-mountain-view-california-07-05-2023/event/1C005E3DFE2E6548
95,Fall Out Boy - So Much For (Tour) Dust,West Valley City,40.65743789,-112.04072602,Fall Out Boy,https://concerts.livenation.com/fall-out-boy-so-much-for-west-valley-city-utah-07-07-2023/event/1E005E38D587444D
96,Fall Out Boy - So Much For (Tour) Dust,Rogers,36.30375161,-94.18522167,Fall Out Boy,https://buy.amptickets.com/25807/25809
97,Fall Out Boy - So Much For (Tour) Dust,Somerset,43.4860212,-90.2409338,Fall Out Boy,https://concerts.livenation.com/fall-out-boy-so-much-for-somerset-wisconsin-07-13-2023/event/07005E389EE82A5E
98,Fall Out Boy - So Much For (Tour) Dust,Cincinnati,39.052082,-84.416862,Fall Out Boy,https://www.ticketmaster.com/fall-out-boy-so-much-for-cincinnati-ohio-07-15-2023/event/16005E38980438DA
99,Fall Out Boy - So Much For (Tour) Dust,Noblesville,40.00373203,-85.93427182,Fall Out Boy,https://concerts.livenation.com/fall-out-boy-so-much-for-noblesville-indiana-07-16-2023/event/05005E3B969C37DF
100,Poppy & PVRIS - Godless / Goddess Tour,Los Angeles,34.06141494,-118.30879207,PVRIS,https://concerts.livenation.com/poppy-pvris-godless-goddess-tour-los-angeles-california-08-24-2023/event/09005E83AECF1398
101,Poppy & PVRIS - Godless / Goddess Tour,Las Vegas,36.117775,-115.172576,PVRIS,https://concerts.livenation.com/poppy-pvris-godless-goddess-tour-las-vegas-nevada-08-26-2023/event/17005E83CE9B309F
102,Poppy & PVRIS - Godless / Goddess Tour,San Antonio,29.42471628,-98.49110126,PVRIS,https://concerts.livenation.com/poppy-pvris-godless-goddess-tour-san-antonio-texas-09-01-2023/event/3A005E834DC40CF4
103,Poppy & PVRIS - Godless / Goddess Tour,St Louis,38.655624,-90.297912,PVRIS,https://www.ticketmaster.com/poppy-pvris-godless-goddess-tour-st-louis-missouri-09-09-2023/event/06005E83D2133992
104,Poppy & PVRIS - Godless / Goddess Tour,Pittsburgh,40.464828,-80.058873,PVRIS,https://concerts.livenation.com/poppy-pvris-godless-goddess-tour-pittsburgh-pennsylvania-09-13-2023/event/16005E7F212891BC
105,Poppy & PVRIS - Godless / Goddess Tour,Cleveland,41.49949386,-81.6910261,PVRIS,https://concerts.livenation.com/poppy-pvris-godless-goddess-tour-cleveland-ohio-09-14-2023/event/05005E83BD6B1C51
106,Poppy & PVRIS - Godless / Goddess Tour,Toronto,43.66684147,-79.31351149,PVRIS,https://www.ticketmaster.ca/poppy-pvris-godless-goddess-tour-toronto-ontario-09-15-2023/event/10005E84C9521F63
107,"94.5 ""The Buzz"" Presents Poppy & PVRIS - Godless / Goddess Tour",Houston,29.75377797,-95.36381697,PVRIS,https://concerts.livenation.com/945-the-buzz-presents-poppy-pvris-houston-texas-09-02-2023/event/3A005E81E6B5765A
108,"Sad Summer Fest: Taking Back Sunday, The Maine, PVRIS, Head Automatica",Holmdel,40.410434,-74.1377399,PVRIS,https://concerts.livenation.com/sad-summer-fest-taking-back-sunday-holmdel-new-jersey-07-14-2023/event/02005E2DD396604C
109,"Sad Summer Fest: Taking Back Sunday, The Maine, PVRIS, Head Automatica",Philadelphia,39.81558706,-75.09230265,PVRIS,https://www.ticketmaster.com/sad-summer-fest-taking-back-sunday-philadelphia-pennsylvania-07-15-2023/event/02005E2FD8B05FB2
110,"Sad Summer Fest: Taking Back Sunday, The Maine, PVRIS, Head Automatica",Boston,42.34851323,-71.03587836,PVRIS,https://concerts.livenation.com/sad-summer-fest-taking-back-sunday-boston-massachusetts-07-16-2023/event/01005E30D06F5712
111,"Sad Summer Fest: Taking Back Sunday, The Maine, PVRIS, LS Dunes & More",Jacksonville,30.323925,-81.637323,PVRIS,https://www.ticketmaster.com/sad-summer-fest-taking-back-sunday-jacksonville-florida-07-06-2023/event/22005E2BD0E1CF1B
112,"Sad Summer Fest: Taking Back Sunday, The Maine, PVRIS, LS Dunes & More",Alpharetta,34.0544157,-84.3066793,PVRIS,https://concerts.livenation.com/sad-summer-fest-taking-back-sunday-alpharetta-georgia-07-08-2023/event/0E005E3199FB34BE
113,"Sad Summer Fest: Taking Back Sunday, The Maine, PVRIS, LS Dunes & More",Portsmouth,36.8330584,-76.2976457,PVRIS,https://www.ticketmaster.com/sad-summer-fest-taking-back-sunday-portsmouth-virginia-07-11-2023/event/01005E2DDF685A12
114,"Sad Summer Fest: Taking Back Sunday, The Maine, PVRIS, LS Dunes & More",Baltimore,39.284033,-76.604426,PVRIS,https://concerts.livenation.com/sad-summer-fest-taking-back-sunday-baltimore-maryland-07-12-2023/event/15005E3295612534
115,Fall Out Boy So Much For (Tour) Dust UK&Europe 2023 - Prague,Praha 7,50.10696,14.43282,PVRIS,https://www.ticketmaster.cz/event/fall-out-boy-so-much-for-tour-dust-ukeurope-2023-prague-tickets/46647?language=en-us
116,Fall Out Boy : So Much For (Tour) Dust UK/Europe Arena Tour,Munich,48.1947,11.60784,PVRIS,https://www.ticketmaster.de/event/fall-out-boy--so-much-for-tour-dust-uk-europe-arena-tour-tickets/500287?language=en-us
117,Fall Out Boy - So Much For (Tour) Dust,Amsterdam,52.31236,4.94415,PVRIS,https://www.ticketmaster.nl/event/fall-out-boy-so-much-for-tour-dust-tickets/289953?language=en-us
118,Fall Out Boy : So Much For (Tour) Dust UK/Europe Arena Tour,Oberhausen,51.49004,6.87162,PVRIS,https://www.ticketmaster.de/event/fall-out-boy--so-much-for-tour-dust-uk-europe-arena-tour-tickets/500291?language=en-us
119,Fall Out Boy : So Much For (Tour) Dust UK/Europe Arena Tour,Hamburg,53.58894,9.899,PVRIS,https://www.ticketmaster.de/event/fall-out-boy--so-much-for-tour-dust-uk-europe-arena-tour-tickets/500255?language=en-us
120,Lane 8,Forest Hills,40.722801,-73.845001,Lane 8,https://www.ticketmaster.com/event/Z7r9jZ1AdqION
121,Ripe VIP Lane For Up To 8 People!,Philadelphia,39.96553089018117,-75.1349361884161,Lane 8,https://www.ticketweb.com/event/ripe-vip-lane-for-up-brooklyn-bowl-philadelphia-tickets/12663865
122,Queensryche Bowling Lane for up to 8 People,Nashville,36.1726131,-86.7853446,Lane 8,https://www.ticketweb.com/event/queensryche-bowling-lane-for-up-brooklyn-bowl-nashville-tickets/12709935
123,Prof Bowling Lane for up to 8 People,Nashville,36.1726131,-86.7853446,Lane 8,https://www.ticketweb.com/event/prof-bowling-lane-for-up-brooklyn-bowl-nashville-tickets/12915915
124,Fozzy VIP Lane For Up To 8 People!,Philadelphia,39.96553089018117,-75.1349361884161,Lane 8,https://www.ticketweb.com/event/fozzy-vip-lane-for-up-brooklyn-bowl-philadelphia-tickets/12140955
125,Covet VIP Lane For Up To 8 People!,Philadelphia,39.96553089018117,-75.1349361884161,Lane 8,https://www.ticketweb.com/event/covet-vip-lane-for-up-brooklyn-bowl-philadelphia-tickets/12901825
126,Covet Bowling Lane for up to 8 People,Nashville,36.1726131,-86.7853446,Lane 8,https://www.ticketweb.com/event/covet-bowling-lane-for-up-brooklyn-bowl-nashville-tickets/12875835
127,Obituary VIP Lane For Up To 8 People!,Philadelphia,39.96553089018117,-75.1349361884161,Lane 8,https://www.ticketweb.com/event/obituary-vip-lane-for-up-brooklyn-bowl-philadelphia-tickets/12890675
128,VALLEY Bowling Lane for up to 8 People,Nashville,36.1726131,-86.7853446,Lane 8,https://www.ticketweb.com/event/valley-bowling-lane-for-up-brooklyn-bowl-nashville-tickets/12875815
129,VV Bowling Lane for up to 8 People,Nashville,36.1726131,-86.7853446,Lane 8,https://www.ticketweb.com/event/vv-bowling-lane-for-up-brooklyn-bowl-nashville-tickets/11990815
130,Feist Bowling Lane for up to 8 People,Nashville,36.1726131,-86.7853446,Lane 8,https://www.ticketweb.com/event/feist-bowling-lane-for-up-brooklyn-bowl-nashville-tickets/12923455
131,POUYA Bowling Lane for up to 8 People,Nashville,36.1726131,-86.7853446,Lane 8,https://www.ticketweb.com/event/pouya-bowling-lane-for-up-brooklyn-bowl-nashville-tickets/12914965
132,Waterparks Bowling Lane for up to 8 People,Nashville,36.1726131,-86.7853446,Lane 8,https://www.ticketweb.com/event/waterparks-bowling-lane-for-up-brooklyn-bowl-nashville-tickets/12751455
133,Panchiko VIP Lane For Up To 8 People!,Philadelphia,39.96553089018117,-75.1349361884161,Lane 8,https://www.ticketweb.com/event/panchiko-vip-lane-for-up-brooklyn-bowl-philadelphia-tickets/12937465
134,CAIFANES Bowling Lane for up to 8 People,Nashville,36.1726131,-86.7853446,Lane 8,https://www.ticketweb.com/event/caifanes-bowling-lane-for-up-brooklyn-bowl-nashville-tickets/12914015
135,RJD2 VIP Lane For Up To 8 People!,Philadelphia,39.96553089018117,-75.1349361884161,Lane 8,https://www.ticketweb.com/event/rjd2-vip-lane-for-up-brooklyn-bowl-philadelphia-tickets/13037645
136,Joseph Bowling Lane for up to 8 People,Nashville,36.1726131,-86.7853446,Lane 8,https://www.ticketweb.com/event/joseph-bowling-lane-for-up-brooklyn-bowl-nashville-tickets/12868965
137,JVKE Bowling Lane for up to 8 People,Nashville,36.1726131,-86.7853446,Lane 8,https://www.ticketweb.com/event/jvke-bowling-lane-for-up-brooklyn-bowl-nashville-tickets/12908155
138,Bully Bowling Lane for up to 8 People,Nashville,36.1726131,-86.7853446,Lane 8,https://www.ticketweb.com/event/bully-bowling-lane-for-up-brooklyn-bowl-nashville-tickets/13040065
139,Young Nudy Bowling Lane for up to 8 People,Nashville,36.1726131,-86.7853446,Lane 8,https://www.ticketweb.com/event/young-nudy-bowling-lane-for-brooklyn-bowl-nashville-tickets/12822475
140,Måneskin,Esch-sur-Alzette,49.4999,5.94744,Måneskin,https://www.ticketmaster.be/event/maneskin-tickets/46659
141,Måneskin,København S,55.62575,12.5737,Måneskin,https://www.ticketmaster.dk/event/maneskin-tickets/513861?language=en-us
142,MÅNESKIN,London,51.501581,0.005519,Måneskin,https://www.ticketmaster.co.uk/maneskin-london-08-05-2023/event/35005C729D8B71A7
143,MÅNESKIN,Dublin,53.347512,-6.228482,Måneskin,https://www.ticketmaster.ie/maneskin-dublin-14-12-2023/event/18005E6F7F5B1D38
144,MÅNESKIN,Manchester,53.488164,-2.244066,Måneskin,https://www.ticketmaster.co.uk/maneskin-manchester-19-12-2023/event/1F005E6EB2433595
145,MÅNESKIN,Manchester,53.488164,-2.244066,Måneskin,https://www.eticketing.co.uk/asmglobalmanchester
146,Måneskin - RUSH! World Tour,New York,40.7497062,-73.9916006,Måneskin,https://www.ticketmaster.com/maneskin-rush-world-tour-new-york-new-york-09-21-2023/event/3B005E462103266D
147,Måneskin - RUSH! World Tour,Columbia,39.209019,-76.862583,Måneskin,https://www.ticketmaster.com/maneskin-rush-world-tour-columbia-maryland-09-23-2023/event/15005E6E8AEA287D
148,Måneskin - RUSH! World Tour,Boston,42.365841,-71.060724,Måneskin,https://www.ticketmaster.com/maneskin-rush-world-tour-boston-massachusetts-09-25-2023/event/01005E6EC25A3A81
149,Måneskin - RUSH! World Tour,Toronto,43.6439254,-79.3783234,Måneskin,https://www.ticketmaster.ca/maneskin-rush-world-tour-toronto-ontario-09-27-2023/event/10005E6E846A316D
150,Måneskin -  RUSH! World Tour,Rosemont,42.00499247,-87.88750024,Måneskin,https://www.ticketmaster.com/maneskin-rush-world-tour-rosemont-illinois-09-29-2023/event/04005E6D00AC3C79
151,MÅNESKIN - Rush! World Tour,Sterling Heights,42.559452,-83.0096244,Måneskin,https://www.ticketmaster.com/maneskin-rush-world-tour-sterling-heights-michigan-10-01-2023/event/08005E6EB240205A
152,Måneskin - RUSH! World Tour,Nashville,36.1562716,-86.7741112,Måneskin,https://www.ticketmaster.com/maneskin-rush-world-tour-nashville-tennessee-10-03-2023/event/1B005E6EDFEABB5B
153,Måneskin - RUSH! World Tour,Irving,32.872469,-96.942954,Måneskin,https://www.ticketmaster.com/maneskin-rush-world-tour-irving-texas-10-06-2023/event/0C005E6EE6C143A7
154,Måneskin - RUSH! World Tour,Inglewood,33.9583,-118.341868,Måneskin,https://www.ticketmaster.com/maneskin-rush-world-tour-inglewood-california-10-10-2023/event/09005E6EE7693B5C
155,Måneskin - RUSH! World Tour,Oakland,37.7515541,-122.2015715,Måneskin,https://www.ticketmaster.com/maneskin-rush-world-tour-oakland-california-10-13-2023/event/1C005E6BDDAD4C32
156,Måneskin - RUSH! World Tour,Vancouver,49.2607645,-123.2421803,Måneskin,https://www.ticketmaster.ca/maneskin-rush-world-tour-vancouver-british-columbia-10-15-2023/event/11005E6ED89C3CF7
157,Måneskin At the O2 Arena,London,51.465355,-0.115176,Måneskin,https://www.ticketmaster.co.uk/maneskin-at-the-o2-arena-london-08-05-2023/event/1F005B37F2F697A3
158,MANESKIN General,México,19.4015408,-99.0980606,Måneskin,https://www.ticketmaster.com.mx/maneskin-general-mexico-20-10-2023/event/14005E6D8E910ADB
159,MANESKIN Numerado,México,19.4015408,-99.0980606,Måneskin,https://www.ticketmaster.com.mx/maneskin-numerado-mexico-20-10-2023/event/14005E6D8E8A0ACD
160,Nothing But Thieves,Silver Spring,38.99734055,-77.02746183,Nothing But Thieves,https://concerts.livenation.com/nothing-but-thieves-silver-spring-maryland-09-12-2023/event/15005E691B2466EA
161,Nothing But Thieves,Boston,42.365977,-71.0617,Nothing But Thieves,https://www.ticketmaster.com/nothing-but-thieves-boston-massachusetts-09-14-2023/event/01005E6A88491D77
162,Nothing But Thieves,Philadelphia,39.965803,-75.134686,Nothing But Thieves,https://concerts.livenation.com/nothing-but-thieves-philadelphia-pennsylvania-09-15-2023/event/02005E69E1344DA1
163,Nothing But Thieves,Toronto,43.6764492,-79.3571014,Nothing But Thieves,https://www.ticketmaster.ca/nothing-but-thieves-toronto-ontario-09-18-2023/event/10005E6A1B054AB5
164,Nothing But Thieves,Detroit,42.4605914,-83.2129839,Nothing But Thieves,https://concerts.livenation.com/nothing-but-thieves-detroit-michigan-09-19-2023/event/08005E84CAEF2A41
165,Nothing But Thieves,Cleveland,41.49949386,-81.6910261,Nothing But Thieves,https://concerts.livenation.com/nothing-but-thieves-cleveland-ohio-09-22-2023/event/05005E67CEB43E76
166,Nothing But Thieves,Denver,39.75333786,-104.99507141,Nothing But Thieves,https://concerts.livenation.com/nothing-but-thieves-denver-colorado-10-01-2023/event/1E005E69B1843564
167,Nothing But Thieves,Las Vegas,36.087535,-115.174742,Nothing But Thieves,https://concerts.livenation.com/nothing-but-thieves-las-vegas-nevada-10-03-2023/event/17005E6AB6933E59
168,Nothing But Thieves,San Diego,32.748097,-117.131213,Nothing But Thieves,https://concerts.livenation.com/nothing-but-thieves-san-diego-california-10-06-2023/event/0B005E689A302773
169,Nothing But Thieves,Los Angeles,34.06141494,-118.30879207,Nothing But Thieves,https://concerts.livenation.com/nothing-but-thieves-los-angeles-california-10-07-2023/event/09005E68B52A20B7
170,Nothing But Thieves,Brooklyn,40.7272,-73.945602,Nothing But Thieves,https://www.ticketmaster.com/event/Z7r9jZ1AdOJvS
171,Nothing But Thieves,Chicago,41.939602,-87.656799,Nothing But Thieves,https://www.ticketmaster.com/event/Z7r9jZ1AdOJvV
172,Nothing But Thieves,Minneapolis,44.970299,-93.286102,Nothing But Thieves,https://www.ticketmaster.com/event/Z7r9jZ1AdOJvU
173,Nothing But Thieves,Kansas City,39.106701,-94.571297,Nothing But Thieves,https://www.ticketmaster.com/event/Z7r9jZ1AdOJvg
174,Nothing But Thieves,Austin,30.228399,-97.713303,Nothing But Thieves,https://www.ticketmaster.com/event/Z7r9jZ1AdObGw
175,Nothing But Thieves,Dallas,32.7827,-96.775803,Nothing But Thieves,https://www.ticketmaster.com/event/Z7r9jZ1AdOJvM
176,Nothing But Thieves,Salt Lake City,40.782001,-111.7519,Nothing But Thieves,https://www.ticketmaster.com/event/Z7r9jZ1AdOJeZ
177,Nothing But Thieves,Tempe,33.4203,-111.928802,Nothing But Thieves,https://www.ticketmaster.com/event/Z7r9jZ1AdOJvy
178,Nothing But Thieves - MOVED TO THE FILLMORE DETROIT,Detroit,42.4605914,-83.2129839,Nothing But Thieves,https://concerts.livenation.com/nothing-but-thieves-moved-to-the-detroit-michigan-09-19-2023/event/08005E6DE9312AEB
179,Nothing But Thieves - Welcome To The DCC Tour,Austin,30.239574,-97.728048,Nothing But Thieves,https://emosaustin.frontgatetickets.com/event/zrsh26bszk9ml9l6
180,Elles Bailey,Bristol,51.458648,-2.576399,bailey,https://www.ticketweb.uk/event/elles-bailey-trinity-centre-tickets/12549885?REFERRAL_ID=tmfeed
181,Chloe Bailey,Chicago,41.971401,-87.660301,bailey,https://www.ticketmaster.com/event/Z7r9jZ1AdOAoP
182,Chloe Bailey,New York,40.765202,-73.985298,bailey,https://www.ticketmaster.com/event/Z7r9jZ1AdOAo8
183,Chloe Bailey,Atlanta,33.7136,-84.332802,bailey,https://www.ticketmaster.com/event/Z7r9jZ1AdOAoJ
184,Chloe Bailey,Los Angeles,34.0397,-118.266403,bailey,https://www.ticketmaster.com/event/Z7r9jZ1AdOAoa
185,Ben Bailey,Reading,40.356116,-75.919611,bailey,https://www.ticketweb.com/event/ben-bailey-reverb-tickets/12938875
186,Ben Bailey,Reading,40.356116,-75.919611,bailey,https://www.ticketweb.com/event/ben-bailey-reverb-tickets/12938885
187,Bailey Zimmerman,Durant,33.952206,-96.414088,bailey,https://www.ticketmaster.com/bailey-zimmerman-durant-oklahoma-05-27-2023/event/0C005D72E83E5B3C
188,Ben Bailey,San Francisco,37.802909,-122.414217,bailey,https://concerts.livenation.com/ben-bailey-san-francisco-california-06-30-2023/event/1C005E5CD46A45F2
189,Ben Bailey,San Francisco,37.802909,-122.414217,bailey,https://concerts.livenation.com/ben-bailey-san-francisco-california-07-01-2023/event/1C005E5CD46D45FF
190,Ben Bailey,San Francisco,37.802909,-122.414217,bailey,https://concerts.livenation.com/ben-bailey-san-francisco-california-07-01-2023/event/1C005E5CD4714605
191,Ben Bailey,Portland,45.5303,-122.684799,bailey,https://www.ticketmaster.com/event/Z7r9jZ1AdO9FV
192,Spokane Symphony w/ Zuill Bailey,Spokane,47.651501,-117.422401,bailey,https://www.ticketmaster.com/event/Z7r9jZ1AdqVr4
193,Spokane Symphony w/ Zuill Bailey,Spokane,47.651501,-117.422401,bailey,https://www.ticketmaster.com/event/Z7r9jZ1Adr6js
194,"Crawfish Music Festival Feat. Mike, Bailey Zimmerman",Biloxi,30.392796,-88.974839,bailey,https://www.ticketmaster.com/crawfish-music-festival-feat-mike-bailey-biloxi-mississippi-04-23-2023/event/1B005D717D523CC4
195,SummerLark At Bailey Park Featuring Chris Lane,Winston-Salem,36.099446,-80.240659,bailey,https://www.ticketmaster.com/summerlark-at-bailey-park-featuring-chris-winstonsalem-north-carolina-05-20-2023/event/2D005E6FFC2F7B98
196,Arctic Monkeys,Inglewood,33.9583,-118.341868,Arctic Monkeys,https://www.ticketmaster.com/arctic-monkeys-inglewood-california-09-29-2023/event/09005D3D07C37419
197,Arctic Monkeys,Chicago,41.88124412,-87.67427375,Arctic Monkeys,https://www.ticketmaster.com/arctic-monkeys-chicago-illinois-08-27-2023/event/04005D3D86D60EFE
198,Arctic Monkeys,Austin,30.280735,-97.730837,Arctic Monkeys,https://www.ticketmaster.com/arctic-monkeys-austin-texas-09-15-2023/event/3A005D3CBCB5584F
199,Arctic Monkeys,Boston,42.365841,-71.060724,Arctic Monkeys,https://www.ticketmaster.com/arctic-monkeys-boston-massachusetts-09-03-2023/event/01005D3BAD6923AE
200,Arctic Monkeys,Columbia,39.209019,-76.862583,Arctic Monkeys,https://www.ticketmaster.com/arctic-monkeys-columbia-maryland-09-07-2023/event/15005D3BDAD247CD
201,Arctic Monkeys,Inglewood,33.9583,-118.341868,Arctic Monkeys,https://www.ticketmaster.com/arctic-monkeys-inglewood-california-09-30-2023/event/09005D45BD17504B
202,Arctic Monkeys,San Francisco,37.76797,-122.387464,Arctic Monkeys,https://www.ticketmaster.com/arctic-monkeys-san-francisco-california-09-26-2023/event/1C005D3C7B3E1307
203,Arctic Monkeys,Fort Worth,32.741072,-97.368507,Arctic Monkeys,https://www.ticketmaster.com/arctic-monkeys-fort-worth-texas-09-16-2023/event/0C005D3DF2AF5926
204,Arctic Monkeys,Clarkston,42.75098483,-83.3802299,Arctic Monkeys,https://www.ticketmaster.com/arctic-monkeys-clarkston-michigan-08-29-2023/event/08005D3DE71444A1
205,Arctic Monkeys,Sacramento,38.580372,-121.500231,Arctic Monkeys,https://www.ticketmaster.com/arctic-monkeys-sacramento-california-09-27-2023/event/1C005D3A983D2890
206,Arctic Monkeys,Alpharetta,34.0544157,-84.3066793,Arctic Monkeys,https://concerts.livenation.com/arctic-monkeys-alpharetta-georgia-09-11-2023/event/0E005D3BBC4F2F8C
207,Arctic Monkeys,Philadelphia,39.981508,-75.224066,Arctic Monkeys,https://www.ticketmaster.com/arctic-monkeys-philadelphia-pennsylvania-09-05-2023/event/02005D3CD1238552
208,Arctic Monkeys,Seattle,47.6221261,-122.35401604,Arctic Monkeys,https://www.ticketmaster.com/arctic-monkeys-seattle-washington-09-22-2023/event/0F005D3DD216575C
209,Arctic Monkeys, Minneapolis,44.975183,-93.263512,Arctic Monkeys,https://www.ticketmaster.com/arctic-monkeys-minneapolis-minnesota-08-25-2023/event/06005D3D929C32DE
210,Arctic Monkeys,Nashville,36.159682,-86.771194,Arctic Monkeys,https://concerts.livenation.com/arctic-monkeys-nashville-tennessee-09-12-2023/event/1B005D3CAE8C5550
211,Arctic Monkeys,Portland,45.53118896,-122.66645813,Arctic Monkeys,https://www.ticketmaster.com/arctic-monkeys-portland-oregon-09-24-2023/event/0F005D3DCF3C568E
212,Arctic Monkeys,Salt Lake City,40.767798,-111.901096,Arctic Monkeys,https://www.ticketmaster.com/arctic-monkeys-salt-lake-city-utah-09-20-2023/event/1E005D3AF04F4149
213,Arctic Monkeys,Inglewood,33.9583,-118.341868,Arctic Monkeys,https://www.ticketmaster.com/arctic-monkeys-inglewood-california-10-01-2023/event/09005D45BD2D5053
214,Arctic Monkeys,Nashville,36.159682,-86.771194,Arctic Monkeys,https://concerts.livenation.com/arctic-monkeys-nashville-tennessee-09-13-2023/event/1B005D3CAE8E5552
215,Arctic Monkeys, Minneapolis,44.975183,-93.263512,Arctic Monkeys,https://www.ticketmaster.com/arctic-monkeys-minneapolis-minnesota-08-26-2023/event/06005D3D9372341C
216,Depeche Mode: Memento Mori Tour,New York,40.7497062,-73.9916006,Depeche Mode,https://www.ticketmaster.com/depeche-mode-memento-mori-tour-new-york-new-york-04-14-2023/event/3B005D41E99C1E71
217,Depeche Mode,Co. Dublin,53.444934,-6.164569,Depeche Mode,https://www.ticketmaster.ie/depeche-mode-co-dublin-14-06-2023/event/18005D3CB64D4DC2
218,Depeche Mode,London,51.456379,-0.339243,Depeche Mode,https://www.ticketmaster.co.uk/depeche-mode-london-17-06-2023/event/35005D3D7DCB0C25
219,Depeche Mode,Amsterdam,52.31395,4.93837,Depeche Mode,https://www.ticketmaster.nl/event/depeche-mode-tickets/285623?language=en-us
220,Depeche Mode,Amsterdam,52.31395,4.93837,Depeche Mode,https://www.ticketmaster.nl/event/depeche-mode-tickets/285627?language=en-us
221,Depeche Mode,Merksem (Antwerpen),51.2301,4.44156,Depeche Mode,https://www.ticketmaster.be/event/depeche-mode-tickets/52715
222,Depeche Mode,København Ø,55.70295,12.57069,Depeche Mode,https://www.ticketmaster.dk/event/depeche-mode-tickets/522439?language=en-us
223,Depeche Mode,Praha 9,50.13177,14.5238,Depeche Mode,https://www.ticketmaster.cz/event/depeche-mode-tickets/45355?language=en-us
224,Depeche Mode,Helsinki,60.15154,24.88911,Depeche Mode,https://www.ticketmaster.fi/event/depeche-mode-tickets/316969?language=en-us
225,Depeche Mode - VIP package,København Ø,55.70295,12.57069,Depeche Mode,https://www.ticketmaster.dk/event/depeche-mode-vip-package-tickets/522537?language=en-us
226,Depeche Mode - VIP-packages,Helsinki,60.15154,24.88911,Depeche Mode,https://www.ticketmaster.fi/event/depeche-mode-vip-packages-tickets/316979?language=en-us
227,Depeche Mode: Memento Mori Tour,Montreal,45.496129,-73.570472,Depeche Mode,https://www.ticketmaster.ca/depeche-mode-memento-mori-tour-montreal-quebec-04-12-2023/event/31005D3DA3621989
228,Strangelove: The Depeche Mode Experience,Cincinnati,39.143968,-84.521195,Depeche Mode,https://www.ticketmaster.com/strangelove-the-depeche-mode-experience-cincinnati-ohio-04-22-2023/event/16005D8932158397
229,The Devout: Depeche Mode Tribute,Edinburgh ,55.9573939,-3.1872616,Depeche Mode,https://www.ticketweb.uk/event/the-devout-depeche-mode-tribute-la-belle-angele-tickets/12586715?REFERRAL_ID=tmfeed
230,Strangelove: The Depeche Mode Experience,Leesburg,39.1157,-77.5656,Depeche Mode,https://www.ticketmaster.com/strangelove-the-depeche-mode-experience-leesburg-virginia-05-12-2023/event/01005E37C3D23576
231,Strangelove - The Depeche Mode Experience,San Diego,32.7163734,-117.16008559,Depeche Mode,https://concerts.livenation.com/strangelove-the-depeche-mode-experience-san-diego-california-06-09-2023/event/0A005E4FDE8554FB
232,Devotional - The Depeche Mode Experience,Costa Mesa,33.6666079,-117.899463,Depeche Mode,https://www.ticketmaster.com/devotional-the-depeche-mode-experience-costa-mesa-california-07-14-2023/event/0B005D89133E3157
233,The Devout: Depeche Mode Tribute,St Albans,51.750295,-0.329006,Depeche Mode,https://www.ticketweb.uk/event/the-devout-depeche-mode-tribute-the-horn-tickets/12867115?REFERRAL_ID=tmfeed
234,The Coral - Making of the First Album,Whitley Bay,55.046455,-1.45069,The Coral,https://www.ticketmaster.co.uk/the-coral-making-of-the-first-whitley-bay-19-04-2024/event/36005E47DFC3546B
235,The Coral - Making of the First Album - Suite Experience,Whitley Bay,55.046455,-1.45069,The Coral,https://www.ticketmaster.co.uk/the-coral-making-of-the-first-whitley-bay-19-04-2024/event/36005E47E20E5493
236,"Joe Hertler & The Rainbow Seekers, Coral Moons",Cambridge,42.36422,-71.10133,The Coral,https://www.ticketweb.com/event/joe-hertler-the-rainbow-middle-east-upstairs-tickets/12875035
237,"On the Waterfront Presents: James, The Coral & Red Rum Club",Liverpool,53.4047967,-2.998607,The Coral,https://www.ticketmaster.co.uk/on-the-waterfront-presents-james-the-liverpool-02-07-2023/event/1F005E54FB456B00
238,Disney On Ice presents Into the Magic,Coral Gables,25.7150805,-80.2791777,The Coral,https://www.ticketmaster.com/disney-on-ice-presents-into-the-coral-gables-florida-04-27-2023/event/0D005D61AAAEB9D6
239,Disney On Ice presents Into the Magic,Coral Gables,25.7150805,-80.2791777,The Coral,https://www.ticketmaster.com/disney-on-ice-presents-into-the-coral-gables-florida-04-28-2023/event/0D005D61AAB0B9DA
240,Disney On Ice presents Into the Magic,Coral Gables,25.7150805,-80.2791777,The Coral,https://www.ticketmaster.com/disney-on-ice-presents-into-the-coral-gables-florida-04-29-2023/event/0D005D61AAB4B9E0
241,Disney On Ice presents Into the Magic,Coral Gables,25.7150805,-80.2791777,The Coral,https://www.ticketmaster.com/disney-on-ice-presents-into-the-coral-gables-florida-04-29-2023/event/0D005D61AAB6B9E2
242,Disney On Ice presents Into the Magic,Coral Gables,25.7150805,-80.2791777,The Coral,https://www.ticketmaster.com/disney-on-ice-presents-into-the-coral-gables-florida-04-29-2023/event/0D005D61AAB2B9DE
243,Disney On Ice presents Into the Magic,Coral Gables,25.7150805,-80.2791777,The Coral,https://www.ticketmaster.com/disney-on-ice-presents-into-the-coral-gables-florida-04-30-2023/event/0D005D61AAB7B9E8
244,Disney On Ice presents Into the Magic,Coral Gables,25.7150805,-80.2791777,The Coral,https://www.ticketmaster.com/disney-on-ice-presents-into-the-coral-gables-florida-04-30-2023/event/0D005D61AABBBA00
245,Disney On Ice presents Into the Magic,Coral Gables,25.7150805,-80.2791777,The Coral,https://www.ticketmaster.com/disney-on-ice-presents-into-the-coral-gables-florida-04-30-2023/event/0D005D61AAB9B9F7
246,"Tomten , Coral Grief, Telehealth",Seattle,47.61358643,-122.34428406,The Coral,https://www.ticketweb.com/event/tomten-coral-grief-telehealth-madame-lous-tickets/12819435
247,Coral Kingdoms and Empires of Ice w/ David Doubilet and Jennifer Hayes,Vancouver,49.2804917,-123.1211044,The Coral,https://www.ticketmaster.ca/coral-kingdoms-and-empires-of-ice-vancouver-british-columbia-05-09-2023/event/11005E6EAB412724
248,On the Beach: Noel Gallagher's High Flying Birds,Brighton,50.819106,-0.136477,The Coral,https://www.ticketweb.uk/event/on-the-beach-noel-gallaghers-brighton-beach-open-air-tickets/12972815?REFERRAL_ID=tmfeed
249,Splendour in Nottingham 2023 - Saturday Only Tickets,Nottingham,52.947782,-1.21096,The Coral,https://www.ticketmaster.co.uk/splendour-in-nottingham-2023-saturday-only-nottingham-22-07-2023/event/1F005E338D743644
250,Brian Regan,Coral Springs,26.2738,-80.256897,The Coral,https://www.ticketmaster.com/event/Z7r9jZ1Adbd7z
251,Jinkx Monsoon,Coral Springs,26.2738,-80.256897,The Coral,https://www.ticketmaster.com/event/Z7r9jZ1AdrpG7
252,Brian Regan,Coral Springs,26.264663,-80.263152,The Coral,https://www.thecentercs.com/events/detail/brian-regan-live
253,La Diosa,Coral Gables,25.7150805,-80.2791777,The Coral,https://www.ticketmaster.com/la-diosa-coral-gables-florida-04-22-2023/event/0D005E56BC50D450
254,Kings of Leon,Wrexham,53.05124,-3.003735,Kings of Leon,https://www.ticketmaster.co.uk/kings-of-leon-wrexham-28-05-2023/event/35005E51C3725BDA
255,Kings of Leon - SOLD OUT - Tickets available for 28/05/2023,Wrexham,53.05124,-3.003735,Kings of Leon,https://www.ticketmaster.co.uk/kings-of-leon-sold-out-tickets-wrexham-27-05-2023/event/35005E51C3715BD8
256,The Lion King,Philadelphia,39.953098,-75.1651,Kings of Leon,https://www.ticketmaster.com/event/Z7r9jZ1Ado6qK
257,The Lion King,Philadelphia,39.953098,-75.1651,Kings of Leon,https://www.ticketmaster.com/event/Z7r9jZ1Ado7fF
258,The Lion King,Philadelphia,39.953098,-75.1651,Kings of Leon,https://www.ticketmaster.com/event/Z7r9jZ1Ado6qN
259,The Lion King,Philadelphia,39.953098,-75.1651,Kings of Leon,https://www.ticketmaster.com/event/Z7r9jZ1Ado6q3
260,The Lion King,Philadelphia,39.953098,-75.1651,Kings of Leon,https://www.ticketmaster.com/event/Z7r9jZ1Ado6qb
261,The Lion King,Philadelphia,39.953098,-75.1651,Kings of Leon,https://www.ticketmaster.com/event/Z7r9jZ1Ado6qf
262,The Lion King,Philadelphia,39.953098,-75.1651,Kings of Leon,https://www.ticketmaster.com/event/Z7r9jZ1Ado6q4
263,The Lion King,Philadelphia,39.953098,-75.1651,Kings of Leon,https://www.ticketmaster.com/event/Z7r9jZ1Ado6q_
264,The Lion King,Philadelphia,39.953098,-75.1651,Kings of Leon,https://www.ticketmaster.com/event/Z7r9jZ1Ado6qO
265,The Lion King,Philadelphia,39.953098,-75.1651,Kings of Leon,https://www.ticketmaster.com/event/Z7r9jZ1Ado7f6
266,The Lion King,Philadelphia,39.953098,-75.1651,Kings of Leon,https://www.ticketmaster.com/event/Z7r9jZ1Ado6qp
267,The Lion King,Philadelphia,39.953098,-75.1651,Kings of Leon,https://www.ticketmaster.com/event/Z7r9jZ1Ado6qx
268,The Lion King,Philadelphia,39.953098,-75.1651,Kings of Leon,https://www.ticketmaster.com/event/Z7r9jZ1Ado6q0
269,The Lion King,Philadelphia,39.953098,-75.1651,Kings of Leon,https://www.ticketmaster.com/event/Z7r9jZ1Ado6q9
270,The Lion King,Philadelphia,39.953098,-75.1651,Kings of Leon,https://www.ticketmaster.com/event/Z7r9jZ1Ado6qJ
271,The Lion King,Philadelphia,39.953098,-75.1651,Kings of Leon,https://www.ticketmaster.com/event/Z7r9jZ1Ado6qE
272,The Lion King,Philadelphia,39.953098,-75.1651,Kings of Leon,https://www.ticketmaster.com/event/Z7r9jZ1Ado6qI
273,The Lion King,Philadelphia,39.953098,-75.1651,Kings of Leon,https://www.ticketmaster.com/event/Z7r9jZ1Ado6qw
274,Bloc Party,Washington,38.91795,-77.02373,Bloc Party,https://www.ticketmaster.com/bloc-party-washington-district-of-columbia-05-27-2023/event/15005E50F611583E
275,Bloc Party,Brooklyn,40.7272,-73.945602,Bloc Party,https://www.ticketmaster.com/event/Z7r9jZ1AdOk_P
276,Paramore,New York,40.7497062,-73.9916006,Bloc Party,https://www.ticketmaster.com/paramore-new-york-new-york-05-30-2023/event/3B005D62DAA8255D
277,Paramore,Washington,38.897412,-77.020029,Bloc Party,https://www.ticketmaster.com/paramore-washington-district-of-columbia-06-02-2023/event/15005D63962B1DB5
278,Paramore,New York,40.7497062,-73.9916006,Bloc Party,https://www.ticketmaster.com/paramore-new-york-new-york-05-31-2023/event/3B005D62DAB42565
279,Paramore,Orlando,28.539293,-81.383957,Bloc Party,https://www.ticketmaster.com/paramore-orlando-florida-06-13-2023/event/22005D63E73CD4E7
280,Paramore,Atlanta,33.757796,-84.394569,Bloc Party,https://www.ticketmaster.com/paramore-atlanta-georgia-05-25-2023/event/0E005D6497A91CC0
281,Paramore,Charlotte,35.225222,-80.839921,Bloc Party,https://www.ticketmaster.com/paramore-charlotte-north-carolina-05-23-2023/event/2D005D6371521213
282,Paramore,Hollywood,26.0503384,-80.2109577,Bloc Party,https://www.ticketmaster.com/paramore-hollywood-florida-06-14-2023/event/0D005D6329CFF6EC
283,Paramore,Detroit,42.341089,-83.055434,Bloc Party,https://www.ticketmaster.com/paramore-detroit-michigan-06-07-2023/event/08005D63AB532415
284,Paramore,Columbus,40.0080079,-83.0249081,Bloc Party,https://www.ticketmaster.com/paramore-columbus-ohio-06-10-2023/event/05005D6312916F50
285,Paramore,Pittsburgh,40.4388401,-79.9908551,Bloc Party,https://www.ticketmaster.com/paramore-pittsburgh-pennsylvania-06-11-2023/event/16005D63B1EA439E
286,Paramore,Indianapolis,39.764064,-86.155507,Bloc Party,https://www.ticketmaster.com/paramore-indianapolis-indiana-06-05-2023/event/05005D5FD853286E
287,Paramore,Dublin,53.347512,-6.228482,Bloc Party,https://www.ticketmaster.ie/paramore-dublin-13-04-2023/event/18005D58AA667605
288,Paramore,Cardiff,51.478931,-3.171771,Bloc Party,https://www.ticketmaster.co.uk/paramore-cardiff-15-04-2023/event/36005D5293861895
289,Paramore,London,51.501581,0.005519,Bloc Party,https://www.ticketmaster.co.uk/paramore-london-20-04-2023/event/35005D58D5B5677D
290,Paramore,Birmingham,52.479932,-1.914924,Bloc Party,https://www.ticketmaster.co.uk/paramore-birmingham-22-04-2023/event/37005D58804415C8
291,Paramore,London,51.501581,0.005519,Bloc Party,https://www.ticketmaster.co.uk/paramore-london-23-04-2023/event/35005D59F1368147
292,Paramore,Cleveland,41.492401,-81.671204,Bloc Party,https://www.ticketmaster.com/event/Z7r9jZ1Ad_S_v
293,Paramore,Cleveland,41.4967035,-81.6894825,Bloc Party,https://www.rocketmortgagefieldhouse.com/events/detail/paramore-20230604
