,Song_Name,Song_Id
0,Beggin',3Wrjm47oTz2sjIgck11l5e
1,I WANNA BE YOUR SLAVE,4pt5fDVTg5GhEvEtlz9dKk
2,ZITTI E BUONI,776AftMmFFAWUIEAb3lHhw
3,CORALINE,7HMz8o0m7ASQ3ImFPfhWTY
4,STAY (with Justin Bieber),5HCyWlXZPP0y6Gqq8TgA20
5,NOT SOBER (feat. Polo G & Stunna Gambino), 
6,WITHOUT YOU,27OeeYzk6klgBh83TSvGMA
7,WITHOUT YOU (with Miley Cyrus),1EHUQesfVKwbthtNcpBi9g
8,SO DONE,5psEZhQu6lukjhavJo4AbC
9,GO (feat. Juice WRLD),2rPHUAeUPbNgTmK18FPTiZ
10,ALWAYS DO,3QCU8BT0zDS9LPVfEhRFEE
11,TRAGIC (feat. Youngboy Never Broke Again & Internet Money),13EW51DKru044OJDJ9Bm8o
12,TELL ME WHY,3jlxX3VXPiY3lvBBbppQD3
13,good 4 u,4ZtFanR9U6ndgddUvNcjcG
14,traitor,5CZ40GBx1sQ9agT82CLQCT
15,deja vu,6HU7h9RYOaPRFeh0R3UeAr
16,drivers license,5wANPM4fQCJwkGd4rN57mH
17,happier,2tGvwE8GcFKwNdAXMnlbfl
18,favorite crime,5JCoSi02qi3jJeHdZXMmR8
19,"jealousy, jealousy",0MMyJUC3WNnFS1lit5pTjk
20,brutal,6SRsiMl7w1USE4mFqrOhHC
21,enough for you,2TOzTqQXNmR2zDJXihjZ2e
22,"1 step forward, 3 steps back",4wcBRRpIfesgcyUtis7PEg
23,hope ur ok,1zejeOnykpCoyVSit6Bwp3
24,"All I Want - From ""High School Musical: The Musical: The Series""",4Yxc55NX3tAXC2mHRAhtcW
25,Bad Habits,6PQ88X9TkUIAUIZJHW2upE
26,Shape of You,7qiZfU4dY1lWllzX7mPBI3
27,Perfect,0tgVpDi06FyKpA1z0VMD4v
28,Afterglow,5dA45onYgYACRp8C5xEOS9
29,Photograph,1HNkqx9Ahdgi1Ixy2xkKkL
30,I Don't Care (with Justin Bieber),3HVWdVOQ0ZA45FuZGSfvns
31,Thinking out Loud,34gCuhDGsG4bRPIf9bb02f
32,Beautiful People (feat. Khalid),4evmHXcjt3bTUHD1cvny97
33,South of the Border (feat. Camila Cabello & Cardi B),4vUmTMuQqjdnvlZmAH61Qk
34,INDUSTRY BABY (feat. Jack Harlow),27NovPIUIRrOZoCHxABJwK
35,MONTERO (Call Me By Your Name),67BtfxlNbhBmCDR2L2l8qd
36,SUN GOES DOWN,34eF4BoV8FPk0uhAAoqU7h
37,HOLIDAY,6zFMeegAMYQo0mt8rXtrli
38,Panini,1000nHvUdawXuUHgBod4Wv
39,Old Town Road,2YpeDb67231RjR0MgVLzsG
40,Kiss Me More (feat. SZA),748mdHapucXQri7IAO8yFK
41,Need To Know,3Vi5XqYrmQgOYBajMWSvCi
42,Ain't Shit,5lAnYvAIkSDNXqfo7DyFUm
43,Woman,6Uj1ctrBOjOas8xZXGqKk4
44,Streets,60ynsPSSKe6O3sfwRnIBRf
45,I Don't Do Drugs (feat. Ariana Grande),0FFsgUoFibYISzMxuGS61W
46,Get Into It (Yuh),0W6I02J9xcqK8MtSeosEXb
47,Naked,0CsR9Y9SnC6ZWmekmVqSHz
48,Payday (feat. Young Thug),2HolBGR6tpiWI80MXoV1dJ
49,Been Like This,7y3xU9vEC1s8DSuuoSYKih
50,Say So,3Dv1eDb0MEgF93GpLXlucZ
51,Boss Bitch,78qd8dvwea0Gosb6Fe6j3k
52,Freak,3aA6xB0tOilDDX17fIJ0Bl
53,Like That (feat. Gucci Mane),4EivmOT13NMpNSfTKn9p4s
54,Say So (feat. Nicki Minaj),11VApNQCWLJdzxWrlmwzUa
55,Candy,1VJwtWR6z7SpZRwipI12be
56,Todo De Ti,4fSIb4hdOQ151TILNsSEaF
57,Cúrame,3PwRuzdphgedcWVUOVYJ7I
58,Sexo Virtual,0giiXonRhODYy4J1iy4Lb3
59,Tattoo - Remix with Camilo,4ZRrLHqzhGRXYj2qcB4s5S
60,Enchule,3ThrfRAmijYU098H9q9tAs
61,Tattoo,4ZRrLHqzhGRXYj2qcB4s5S
62,Yonaguni,2JPLbjOn0wPCngEot2STUS
63,De Museo,267NGliXM8YLVZiKAD9Otm
64,TE MUDASTE,5RubKOuDoPn5Kj5TLVxSxY
65,BOOKER T,26w9NTiE9NGjW1ZvIOd1So
66,HACIENDO QUE ME AMAS,26QApq0cuO9brJigr0C0W4
67,YO VISTO ASÍ,5fROvzNghPid8mbKNDYvpJ
68,TE DESEO LO MEJOR,23XjN1s3DZC8Q9ZwuorYY4
69,LA DROGA,67ACYA3UI6QMNtHX6b34wX
70,HOY COBRÉ,0tjZv2hChdHZCW1zFXpy1J
71,MALDITA POBREZA,0Lsis3LB0XAK6XlTHXaJk2
72,EL MUNDO ES MÍO,36DHxTW2xdr9GG15T9oK9L
73,ANTES QUE SE ACABE,7kjEqI6eZ7YlFrGhxixnlN
74,120,3KJ3opyV29269SXkPrc19l
75,TRELLAS,09WAnxdBuebQopKhJT3oZS
76,Yo Perreo Sola,0SqqAgdovOE24BzxIClpjw
77,La Difícil,6NfrH0ANGmgBXyxgV2PeXt
78,Si Veo a Tu Mamá,41wtwzCZkXwpnakmwJ239F
79,BYE ME FUI,0FktnzDqjClqU6iqOZVEs2
80,Vete,5DxXgozhkPLgrbKFY91w0c
81,BENDICIONES,2CoMYp2uIKsT09nreEZnZn
82,SI ELLA SALE,1zaDh3qaGSeSmulNyWlUxm
83,RONCA FREESTYLE,3XZeOzJ9tqnu58YP6cqApI
84,A Tu Merced,4r9jkMEnArtWGH2rL2FZl0
85,Pero Ya No,75pQqzwgCjUOSSy5CpmAjy
86,25/8,4NqQaovM14WR2hNPMFxgjb
87,Soliá,7sOfmPd18RWp3FoCzpa7Kw
88,La Zona,5kqNIqFjijuzvVLhuY9B8j
89,<3,4MZSqgwlE71CWZ6qQ3gkKm
90,Levitating (feat. DaBaby),463CkQjx2Zk1yXoBuierM9
91,Don't Start Now,7njGslFmqBmOSSOpTyZCs9
92,Love Again,2sN1pMv6d2t5GlvN6IBMlK
93,Levitating,463CkQjx2Zk1yXoBuierM9
94,We're Good,1diS6nkxMQc3wwC4G1j0bh
95,Break My Heart,017PF4Q3l4DBUiWoXk4OWT
96,Physical,3AzjcOeAmA57TIOr9zF1ZW
97,Levitating (feat. Madonna and Missy Elliott) [The Blessed Madonna Remix],0pk1hxhJLBSZZ5RKBhcwOa
98,Hallucinate,1nYeVF5vIBxMxfPoL0SIWg
99,Pretty Please,6DXZiYUbrYgrVIhfX3U9Z2
100,Cool,4Ulqu89XempybuL8ApUeqL
101,Future Nostalgia,3iYNJX4FTRGlfMQySjlGNr
102,Good In Bed,3pyodt4pb554dMz8fCv7oi
103,Boys Will Be Boys,4szI7zRh7kLApCSqiB6R7b
104,New Rules,2ekn2ttSfGqwhhate0LSR0
105,Permission to Dance,0LThjFY2iTtNdd4wviwVV2
106,Butter,2bgTY4UwhfBYhGT4HUYStN
107,Dynamite,4saklk6nie3yiGePpBwUoc
108,Life Goes On,249gnXrbfmV8NG6jTEMSwD
109,Boy With Luv (feat. Halsey),5KawlOMHjWeUjQtnuRs22c
110,Butter (Instrumental),2Ol2sv6gePRdJrZC1hDVNY
111,Film out,3UHPGOkUcE4hE7sqBF4Snt
112,Blue & Grey,0n2moJpAEWHwaPYYjkzMDl
113,Fly To My Room,3QH8rQGNFX8VLbCgZ7uPTS
114,Telepathy,2FVpOsjT1iquZ3SpCjZ9Ne
115,Dis-ease,54DmTIv86D3sYdiawjULQ0
116,Stay,3ndCsZfq8OVwwkz9mmZvUz
117,Skit,4GVwjLRT7oSsKby7Vy8EHr
118,ON,2QyuXBcV1LJ2rq01KhreMF
119,Stay Gold,3Ys2PYl1wyPKQIwyqhP9cQ
120,Black Swan,3bkkMZEAhx7rTVz1C0itRQ
121,ON (Feat. Sia),3IB5qOeMayvpOdHxYCL5tZ
122,Filter,0ono6UCNVZ1XqOm6j78Blu
123,My Time,4vTgx6h4seHvkuFh84JXYP
124,Louder than bombs,3op7HNwLli54MBjFGzIlZO
125,UGH!,1aKuG1GG76xPLUkjBbQo3W
126,00:00 (Zero O’Clock),4AlihYDqxXshKhvh5tnMfP
127,Friends,7w05lsU2VLSeiT8Nukrv5M
128,We are Bulletproof : the Eternal,44WLOqH7QayQOQdeUHeKUK
129,Inner Child,4BKOjYosPhw334moS3wlbO
130,Moon,1xfXXujIlLZAx5wpu46Nyk
131,Outro : Ego,3r9FFjLrAIQjoR8pSHVPC9
132,Interlude : Shadow,2Nib4r0saYQf2pUV4RFDhl
133,Respect,37TSJmYKLxXmx8OehFpqMN
134,Peaches (feat. Daniel Caesar & Giveon),4iJyoBOLtHqaGxP12qzhQI
135,Hold On,49xx65gvlD7xXjDTavFqaJ
136,Anyone,2RwMwWo43LapkA4raptxaB
137,Holy (feat. Chance The Rapper),5u1n1kITHCxxp8twBcZxWy
138,Lonely (with benny blanco),4y4spB9m0Q6026KfkAvy9Q
139,As I Am (feat. Khalid),6F2r4HgpJnvKDmkN6JEN6J
140,Unstable (feat. The Kid LAROI),137mSruegm1u6x9NvwiagR
141,Ghost,6I3mqTwhRpn34SLVafSH7G
142,Off My Face,3T03rPwlL8NVk1yIaxeD8U
143,Deserve You,5NU40QTlXrDUJzDBdv79bg
144,2 Much,0oaY19dUwZimIgzn3ZZLZO
145,Loved By You (feat. Burna Boy),2tB9OFgAHjAds3cqquLlvp
146,Die For You (feat. Dominic Fike),7aely3H8kMj9o0gt6vXHE1
147,Love You Different (feat. BEAM),27UcQ6dAvQrgH9C880rCM3
148,Somebody,3rLIv187BhjyweFe89SgLn
149,Intentions (feat. Quavo),4umIPjkehX1r7uhmGvXiSV
150,Mistletoe,7xapw9Oy21WpfEcib2ErSA
151,Yummy,41L3O37CECZt3N7ziG2z7l
152,Forever (feat. Post Malone & Clever),2ZlCGeK30BLRNSPC832pNZ
153,Come Around Me,2o9LAypwGH4ctV0i9boo6d
154,Habitual,40qyPyljksBEqlNw5sW37T
155,All Around Me,5Py8zRKGkZvgHniVVtvNCN
156,Get Me (feat. Kehlani),5VwwpU7KsLhgfbMEecedhJ
157,Second Emotion (feat. Travis Scott),1PnAx788sAvcI3ZxTlEyX8
158,Running Over (feat. Lil Dicky),75nKBP8jQu681pTNCtrEnn
159,Available,1b6tPXXCV2fSNtR3SKWUQA
160,Changes,521Os1SMlxmsoevsqyjNmJ
161,Confirmation,60brXKLTC15vK0av5gIldm
162,E.T.A.,6PzOPrXx8tJEqace76yrv2
163,Take It Out On Me,39nTNk5MfyiiRupTwn1iyC
164,That's What Love Is,2hLu8L8SNfCN4yKyPdX0h3
165,At Least For Now,6VLkgf5YmLixsabdqiCVGU
166,Save Your Tears (with Ariana Grande) (Remix),37BZB0z9T8Xu7U3e65qxFy
167,Blinding Lights,0VjIjW4GlUZAMYd2vXMi3b
168,Save Your Tears,37BZB0z9T8Xu7U3e65qxFy
169,The Hills,7fBv7CLKzipRk6EC6TWHOB
170,In Your Eyes,7szuecWAPwGoV1e5vGu8tl
171,Earned It (Fifty Shades Of Grey),4frLb7nWtsz2ymBE6k2GRP
172,Can't Feel My Face,22VdIZQfgXJea34mQxlt81
173,Call Out My Name,09mEdoA6zrmBPgTEN5qXmN
174,Heartless,6bnF93Rx87YqUBLSgjiMU8
175,Blinding Lights (with ROSALÍA) - Remix,7MXgrcOQAJ5VwSNUL0lDd3
176,In Your Eyes (with Doja Cat) - Remix,0UnTaVkntyh3vqvLEvbpQx
177,After Hours,2p8IUWQDrpjuFltbdgLOag
178,Hardest To Love,6kWxIqQDsKFYCJGbU4AjCX
179,Scared To Live,4BGZF4oLbTL0pWm7C18pbv
180,Alone Again,6b5P51m8xx2XA6U7sdNZ5E
181,Too Late,2K9Ovn1o2bTGqbsABGC6m3
182,Faith,3orEOtd8CPL8GFlpRpKuoE
183,Snowchild,3WlbeuhfRSqU7ylK2Ui5U7
184,Escape From LA,1sOW4PuG5X3Ie3EXUhAopJ
185,Repeat After Me (Interlude),40U8d12pC5UHqmHwXjHjjl
186,Until I Bleed Out,2BcnxwxBuar5wjCaLqm5N3
187,Heat Waves,3USxtqRwSYz57Ewm6wWRMp
188,Pepas,5fwSHlTEWpluwOM0Sxnh5k
189,La Tóxica,15OjBeqNX3bShsGYQbteRv
190,Motley Crew,40uMIn2zJLAQhNXghRjBed
191,Circles,21jGcNKet2qwijlDFuPiPb
192,Only Wanna Be With You - Pokémon 25 Version,3SawmGBjjq8EOYZJV11cJm
193,rockstar (feat. 21 Savage),0e7ipj03S05BNilyu5bRzt
194,Wow.,7xQAfvXzm3AkraOtGPWIZg
195,Goodbyes (feat. Young Thug),0t3ZvGKlmYmVsDzBJAXK8C
196,Better Now,7dt6x5M1jzdTEt8oCbisTK
197,Goodbyes (Feat. Young Thug),0t3ZvGKlmYmVsDzBJAXK8C
198,I Fall Apart,75ZvA4QfFiZvzhj2xkaWAh
199,Take What You Want (feat. Ozzy Osbourne & Travis Scott),7CZyCXKG6d5ALeq41sLzbw
200,Don't Go Yet,1058fW9H3fZA6QjYCdOBad
201,My Oh My (feat. DaBaby),3yOlyBJuViE2YSGn3nVE1K
202,Liar,7LzouaWGFCy4tkXDOOnEyM
203,Havana (feat. Young Thug),1rfofaqEpACxVEHIZBJe6W
204,Watermelon Sugar,6UelLqGlWMcVH1E5c4H7lY
205,Adore You,3jjujdWJ72nww5eGnfs2E7
206,Golden,45S5WTQEGOB1VHr1Q4FuPl
207,Falling,1ZMiCix7XSAbfAJlEZWMCp
208,Lights Up,4jAIqgrPjKLTY9Gbez25Qb
209,RAPSTAR,43PGPuHIlVOc04jrZVh9L6
210,Martin & Gina,1VLtjHwRWOVJiE5Py7JxoQ
211,No Return (with The Kid LAROI & Lil Durk),23OYT3SFtoJqhiAUqktbc1
212,GANG GANG (with Lil Wayne),4VW44pawoOHPUjlN7DX5vk
213,Black Hearted,25qk9xa71F1POdI4vj7rbi
214,Clueless (with Pop Smoke & Fivio Foreign),4CPcZHzSvIBM8AKhdHUwnL
215,Painting Pictures,25uBGaikHi0DhMiGMfuXYE
216,Epidemic,170DNUSnQRp1tGpppF26pA
217,21,3JKgcAa7r07ocVWcV8bS0H
218,Flex (feat. Juice WRLD),2QqJTIlGKRLJC3onkavYEz
219,Be Something (feat. Lil Baby),65jw6GhwQW3Db55PxlPEpS
220,The Business,6f3Slt0GbA2bPZlz0aIFXN
221,Heartbreak Anthem (with David Guetta & Little Mix),5K6Ssv4Z3zRvxt0P6EKUAP
222,Mood (feat. iann dior),4jPy3l0RUwlUI9T5XHBW2m
223,"Mood (Remix) feat. Justin Bieber, J Balvin & iann dior",6FuGJB290AQMAHTfjOYVaK
224,CITY OF ANGELS,6ap9lSRJ0iLriGLqoJ44cq
225,VALENTINO,6piAUJJQFD8oHDUr0b7l7q
226,NDA,38GBNKZUhfBkk3oNlWzRYd
227,lovely (with Khalid),0u2P5u6lvoDfwTYjAADbn4
228,bad guy,1hewNsVmijBqjKvFRQfk4m
229,Lost Cause,36fhyo5QlxBW7DrDHIOn1G
230,Your Power,042Sl6Mn83JHyLEqdK7uI0
231,Therefore I Am,0aACcc1jEv2C6VSmmJbllJ
232,everything i wanted,1OC8hMoqAuWmTWJ4heJNlO
233,when the party's over,5KWwUzVxubgSPmLIUAQhYt
234,Lo Vas A Olvidar (with ROSALÍA),0psS4i5YooJrXfDnGvWRLi
235,my future,3YUMWmx8EJq0DurfuIwoGh
236,ocean eyes,6pFTDHGJtKOxrQ85xRZ8Ue
237,No Time To Die,73SpzrcaHk0RQPFP73vqVR
238,bury a friend,7p6ZK1vOxKELFwlDfwkJCp
239,all the good girls go to hell,6IRdLKIyS4p7XNiP8r6rsx
240,i love you,0np7TYPZSum9xTxe9QTr21
241,wish you were gay,3Fj47GNK2kUF0uaEDgXLaD
242,you should see me in a crown,6WbvBhwCaUuYHcHGEuVgqo
243,idontwannabeyouanymore,41zXlQxzTi6cGAjpOXyLYH
244,Leave Before You Love Me (with Jonas Brothers),4qu63nuBpdn0qHUHuObEj1
245,Be Kind (with Halsey),3Z8FwOEN59mRMxDCtb8N0A
246,Beautiful Mistakes (feat. Megan Thee Stallion),5zFglKYiknIxks8geR8rcL
247,Memories,4cktbXiXOapiLBMprHFErI
248,Lost,18XlJEroUwFo0tLZxscgXE
249,Nobody's Love,2ST72jD2KVe7f3fbcGyX1b
250,Girls Like You (feat. Cardi B),6V1bu6o1Yo5ZXnsCJU8Ovk
251,Run,2UbVnbE5FH6008mAm6Mmgw
252,Counting Stars,6sy3LkhNFjJWlaeSMNwQ62
253,Thot Shit,5zNW5ARjYhJQJz1AChP33n
254,Cry Baby (feat. DaBaby),4aarlAfLKVCTxUDNgbwhjH
255,Savage,55CHeLEfn5iJ0IIkgaa4si
256,Girls in the Hood,6WbTTAGKrQtCQvmc5BuYfh
257,B.I.T.C.H.,06scTb0zbkxYNgpAB3J9fN
258,Diamonds (with Normani),0PQsrLxPbOBBwwmXCnGvcF
259,Heartbreak Anniversary,3FAJ6O0NOHQV8Mc5Ri6ENp
260,Sweater Weather,2QjOHCTQ1Jl3zawyYOpxh6
261,Daddy Issues,5E30LdtzQTGqRvNd7l6kG5
262,Sobrio,4HzqWEdAbzcVFDv0pvxV4w
263,Hawái,0GzuHFG4Ql6DoyxFRnIk3F
264,Agua de Jamaica,41BzKiCrKpUQHS3TP0jmdr
265,Madrid (feat. Myke Towers),19OXtYzrJyCrQvTbfukt4H
266,ADMV,3eJMSq78dDaFb7VvhNFnq6
267,11 PM,7KbF6AdprOXEEHlsq11Z6d
268,Someone You Loved,7qEHsqek33rTcFNT9PFqLf
269,Before You Go,2gMXnyrvIjhVBUZwvLZDMP
270,Bruises,4Of7rzpRpV1mWRbhp5rAqG
271,2055,4XvcHTUfIlWfyJTRG0aqlo
272,telepatía,6tDDoYIxWvMLTdKpjFkc1B
273,Wants and Needs (feat. Lil Baby),65OVbaJR5O1RmwOQx0875b
274,Laugh Now Cry Later (feat. Lil Durk),2SAqBLGA283SUiwJ3xOUVI
275,What’s Next,3aQem4jVGdhtg116TmJnHz
276,Lemon Pepper Freestyle (feat. Rick Ross),4FRW5Nza1Ym91BGV4nFWXI
277,Toosie Slide,127QTOFJsJQp5LbJbu3A1y
278,Chicago Freestyle (feat. Giveon),4wVOKKEHUJxHCFFNUWDn0B
279,Money In The Grave (Drake ft. Rick Ross),5ry2OE6R2zPQFDO85XkgRb
280,Pain 1993 (with Playboi Carti),6Kj17Afjo1OKJYpf5VzCeo
281,Demons (feat. Fivio Foreign & Sosa Geek),05aZ9sAU1YXndHv0FMi9iW
282,Time Flies,5H4mXWKcicuLKDn4Jy0sK7
283,Desires (with Future),7eYAHC0RbBF9eaqWzT34Aq
284,Not You Too (feat. Chris Brown),3Q4gttWQ6hxqWOa3tHoTNi
285,Landed,3KixNgUEaDtrKJVzdqjU5q
286,When To Say When,5TCBWmEBrin7etRa4Lswr1
287,Deep Pockets,3IvMYBE7A3c7to1aEcfFJk
288,War,1I55Ea0zVoSKs6MqW7DQ3i
289,From Florida With Love,0YkUwXxnTkeJBvt5upeEtP
290,Losses,6fLVTVaHWaEfVKfEgbkf4D
291,God's Plan,6DCZcSspjsKoFjzjrWoCdn
292,Head & Heart (feat. MNEK),6cx06DFPPHchuUAcTxznu9
293,Arcade,1Xi84slp6FryDSCbzq4UCD
294,positions,35mvY5S1H3J2QZyna3TFe0
295,34+35, 
296,7 rings,6ocbgoVGwYJhOv1GgI9NsF
297,Stuck with U (with Justin Bieber),4HBZA5flZLE435QTztThqH
298,test drive,3eZYOQO4UzKrUDYDghtnFw
299,"34+35 Remix (feat. Doja Cat, Megan Thee Stallion) - Remix", 
300,motive (with Doja Cat),5GkQIP5mWPi4KZLLXeuFTT
301,pov,3UoULw70kMsiVXxW0L3A33
302,Santa Tell Me,0lizgQ7Qw35od7CYaoMBZb
303,off the table (with The Weeknd),7E1jVNoWuemqUryI4FxsVD
304,just like magic,7Dx9Z6Aon1qPS2N0rHSWTe
305,safety net (feat. Ty Dolla $ign),14gkWVFMwdxBMyqBw1wmIg
306,shut up,3ko9jEHNt4O5fjKN65ULJp
307,nasty,0sci7ppTZFm4mjcH3nu8yO
308,my hair,6u7gmPOz7pzzaeR9xSBpsR
309,obvious,0q85C1JiECyYIQthz1posA
310,six thirty,2IKJtXeR5UsaUjZB46fTOK
311,love language,6NYtLvyThMT0oALFdJFdzq
312,west side,1whfVLMKWqAX3uk97VXsNN
313,"thank u, next",3e9HZxeyfWwjeyPAMmWSSQ
314,Clash (feat. Stormzy),2oUwMN5VfdGX10XeQJLBBi
315,Verdansk,7IPKXYU2rTMnrLW5IZ7ZI5
316,Reckless,5ajjAnNRh8bxFvaVHzpPjh
317,Selfish,4PV0uE5pZSh44E3NqNNDEH
318,Believer,0pqnGHJpmpxLKifKRmU6WP
319,Wrecked,2d1MywHy6FwKdzxFuSJnwl
320,Follow You,7FdUvDkaE24o3FPIWTvzv2
321,Thunder,1zB4vmk8tFRmM9UULNzbLB
322,"Lemonade (feat. Gunna, Don Toliver & NAV)",02kDW379Yfd5PzW5A6vuGt
323,"His & Hers (feat. Don Toliver, Lil Uzi Vert & Gunna)",2IePEfMAtqWS6rLXXFZIgI
324,Lemonade (Feat. Roddy Ricch & Don Toliver) [Remix],5sBplhIrmzA4kQGyIOpmDf
325,Talking to the Moon,161DnLWsx1i3u1JT05lzqU
326,Just the Way You Are,7BqBn9nzAq8spo5e7cZ0dJ
327,When I Was Your Man,0nJW01T7XtvILxQgC5J7Wh
328,Roses - Imanbek Remix,0zLCBJZSiELJf02ucPP9wb
329,Sal y Perrea,5u7twkeask1VIyDeNTElSU
331,911,27RSJHEA99Y0Vsow7nA37A
333,Relación,35UUpTmrcFXNIVIN26ujXl
335,By Your Side (feat. Tom Grennan),0vR2rIVORmgeKiGIgNT0fV
336,Over Now (with The Weeknd),58AGoOGbwsQMhBbH0eFLRR
337,One Kiss (with Dua Lipa),7ef4DlsgrMEH11cDZd32M6
338,MORENA,4PQdrXMDHDPl1RczrrlADd
339,ROCKSTAR (feat. Roddy Ricch),7ytR5pFWmSjzHJIeQkgog4
340,Red Light Green Light,1YDebgap5OFwXEBG18NJvy
341,Ball If I Want To,0cu0rhnlCnJ7JIeHRiLpj3
342,BLIND (feat. Young Thug),2T5NBwKRySiCR78vVk08vr
343,BOP,6Ozh9Ok6h4Oi1wUSLtBseN
344,ROCKSTAR (feat. Roddy Ricch) - BLM REMIX,4Aykm3xrOFSHrAnv80KUhh
345,FIND MY WAY,1gVCEnryJhkdQcuC0Kbvor
346,PICK UP (feat. Quavo),5gNOINI5dXZVom2b36LMOd
347,JUMP (feat. YoungBoy Never Broke Again),0oT9ElXYSxvnOOagP9efDq
348,LIGHTSKIN SH*T (feat. Future & jetsonmade),16oi4OiKmkO51l60F5R9kR
349,BLAME IT ON BABY,0jWm0VyD8p3MrSInczpows
350,TOES (feat. Lil Baby & Moneybagg Yo),2FvD20Z8aoWIePi7PoN8sG
351,VIBEZ,0fySG6A6qLE8IvDpayb5bM
352,Suge,2gwkD6igEhQbDQegRCcdoB
353,Heather,4xqrdfXkTW4T0RauPLv3WA
354,Maniac,6KfoDhO4XUWSbnyKjNp9c4
355,you broke me first,45bE4HXI0AwGZXfZtMp8JR
356,The Nights,0ct6r3EGTcMLPtrXHDvVjc
357,Wake Me Up,0nrRP2bk19rLc0orkWPQk2
358,Riptide,3JvrhDOgAt6p7K8mDyZwRd
359,Smells Like Teen Spirit,5ghIJDpPoe3CfHMGu71E6T
360,Miss The Rage (feat. Playboi Carti),2BITQ360Knh6qNAOqR7Dyq
361,Another Love,7otCGmgp9h4CsR2LhwB6gt
362,Take Me To Church,1CS7Sd1u5tWkstBhpssyjP
363,Little Bit of Love,2sX7lJXsOYGP1Us6CqM9t1
364,Ficha Limpa,5SwyN9hzmWjBsINlif8li8
365,A Gente Fez Amor - Ao Vivo,3tv697PZNnaQN0Mn2zGhS5
366,Up,1XXimziG1uhM0eDNCZCrUl
367,WAP (feat. Megan Thee Stallion),4Oun2ylbjFKMPTiaSbbCih
368,New Normal,2CIYemjFXdmCWpJnfbtrD6
369,Eleven,18O00Y7yrkJ0pRXm1n21Og
370,Talk (feat. Disclosure),6TqXcAFInzjp0bODyvrWEq
371,Up All Night,1mpD5Q8IM32I4bF6eCpU74
372,Bohemian Rhapsody - Remastered 2011,7tFiyTwD0nx5a1eklYtX2J
373,Another One Bites The Dust - Remastered 2011,57JVGBtBLCfHw2muk5416J
374,Don't Stop Me Now - Remastered 2011,7hQJA50XrCWABAu5v6QZ4i
375,Thank God It's Christmas - Non-Album Single, 
376,Paradise (feat. Dermot Kennedy),6ft4hAq6yde8jPZY2i5zLr
377,goosebumps,5uEYRdEIh9Bo4fpjDd4Na9
378,HIGHEST IN THE ROOM,3eekarcy7kvN4yt5ZFzltW
379,SICKO MODE,2xLMifQCjDGFmkHkpNLD9h
380,FRANCHISE (feat. Young Thug & M.I.A.),4jVBIpuOiMj1crqd8LoCrJ
381,"The Plan - From the Motion Picture ""TENET""",551xyaSJsg8hILXFq9JdST
382,BUTTERFLY EFFECT,2cYqizR4lgvp4Qu6IQ3qGN
383,STARGAZING,7wBJfHzpfI3032CSD7CE2m
384,YOSEMITE,7lAK3oHbfEnvUQWosrMMpR
385,HIGHEST IN THE ROOM (feat. ROSALÍA & Lil Baby) - REMIX,7h0d2h0fUmzbs7zeFigJPn
386,Wasted Love (feat. Lagique),2pPO9YecZimmuVQfIzfV6U
387,Yellow,3AJwUDP919kvQ9QcozQPxg
388,Higher Power,4rOEoKL0fHrxBMhVljpbGW
389,Christmas Lights,4QVdnpSO5JGMFOEl6ys4RQ
390,Ramenez la coupe à la maison,0dqVP9CnGjaYNjya3gYbYy
391,What You Know Bout Love,1tkg4EHVoqnhR6iFEXb60y
392,For The Night (feat. Lil Baby & DaBaby),0PvFJmanyNQMseIFrU708S
393,Bout A Million (feat. 42 Dugg & 21 Savage),4LaGu95Ui2s4vprSQYWUAZ
394,Demeanor (feat. Dua Lipa),3DMs7bahbQTnoxCjgP7qoK
395,Dior,79s5XnCN4TJKTVMSmOx8Ep
396,Tell The Vision (feat. Kanye West & Pusha T),1Eu51GaXEehPMrDMh5QghA
397,Woo Baby (feat. Chris Brown),6bsqes8Zg9gUULzuCkMUs0
398,More Time,7wAnRqccDr2tzcSKLR4jKl
399,Coupe,7LB3ilSpX1mSMKKztNTnu2
400,Manslaughter (feat. Rick Ross & The-Dream),4byRwLo7EmkCNBU6S8G6u0
401,Genius (feat. Lil Tjay & Swae Lee),2mmRtchzDVpCj9LSyexgjS
402,Brush Em (feat. Rah Swish),58aW6yZGFl7rVM7SLfLnLL
403,Hello (feat. A Boogie Wit da Hoodie),2r6OAV3WsYtXuXjvJ1lIDi
404,Mood Swings (feat. Lil Tjay),5rZlwNFl01HqLWBQGryKSm
405,AP - Music from the film Boogie,17vGPZ5EsdvtgAOCD4FLWI
406,The Woo (feat. 50 Cent & Roddy Ricch),1H7KnK26kc1YyellpbINEn
407,Got It On Me,25zlnOAzbVoOzIeXSvQFf1
408,Gangstas,1hg3RlqFZXJb5YgRoK9qmF
409,Make It Rain (feat. Rowdy Rebel),71d7LaAgPcNcUopu3OzmP7
410,Something Special,5kkaSMcf4BFlhRRICCKZb6
411,Aim For The Moon (feat. Quavo),6O7fPYTsb2mY0PiFt2ymDB
412,44 BullDog,7sjFIZ1g5QLJLGja3k592K
413,Creature (feat. Swae Lee),3eV2WT9YhfzkxbufnBF8wK
414,Yea Yea,0bjgQ24UZGwKikldIyEOgf
415,Enjoy Yourself (feat. Karol G),3NWrHCwvyII4fTx05PN3IO
416,Bad Bitch From Tokyo (Intro),4OGIeHtYhRTJ8iW21UUyZW
417,Snitching (feat. Quavo & Future),2FhEj9lvEIaJihjFprRrGt
418,West Coast Shit (feat. Tyga & Quavo),1JDhNQ0oOT7XpclZn3aQ8F
419,Tunnel Vision (Outro),2SxR5RitJdsG6wINvJLBSD
420,Runaway,0TCmhnbMpw5zwPsTvlXTJi
421,Lucid Dreams,285pBltuF7vW8TeWk8hdRR
422,All Girls Are The Same,4VXIryQMWpIdGgYR4TrjT1
423,734,6vB8bdQCCTDDIH8fhRfuXA
424,Wishing Well,2U5WueTLIK5WJLD7mvDODv
425,Come & Go (with Marshmello),2Y0wPrPQBrGhoLn14xRYCG
426,Robbery,6Hj9jySrnFppAI0sEMCZpJ
427,Life's A Mess II (with Clever & Post Malone),4O3RwH1TFG1EjPezLIYehI
428,Bad Boy (with Young Thug),43CIWpJaJHRcI4mUSjqgc2
429,Real Shit (with benny blanco),3uVPLtkmDu8pDkYEAVqbgS
430,Smile (with The Weeknd),6wQlQrTY5mVS8EGaFZVwVF
431,Righteous,5dOxHHMOFAbG3VH23t0xNm
432,Conversations,4K06PO78fW4mnBVenxGNob
433,Bandit (with YoungBoy Never Broke Again),6Gg1gjgKi2AK4e0qzsR7sd
434,Life's A Mess (feat. Halsey),5wWAwzGp2OaaoIkwcz6wZs
435,Blood On My Jeans,0fCwrjKfWxF3xQhZrYUw4T
436,Stay High,21CkzgKCBCq5V4XKjiGSIj
437,Tell Me U Luv Me (with Trippie Redd),5JAYDuLRkODlVt6dgoalKk
438,Bad Energy,7d94IqWX2UmSKMGUYSGFJG
439,Titanic,1YM6c2sxbf2Jacl9IFgn4I
440,Up Up And Away,7pbg3ABlAZv2NiIdKbBBFm
441,Man Of The Year,7AvprzMsRJpybaalckaT8c
442,Fighting Demons,0440JCJyIAmINA8KcYgFb5
443,Can't Die,4PPLJAEYBSOcnzr9TZoqf9
444,Screw Juice,4F6YLjakjqWFTgC5qfEwPQ
445,I Want It,2SVx3uds6jTWALFxevIWMA
446,Anxiety - Intro,02XcRGWPkvomFvzTamEKHg
447,Juice WRLD Speaks From Heaven - Outro,1OjiYjgPZyxS0AiXiSnuYI
448,"The Man, The Myth, The Legend - Interlude",4sjdZEEQvR1sXrRNSuBfbA
449,Legends,1Knctxx9vGZxpZfF66BIEa
450,Let Me Know (I Wonder Why Freestyle),3wwo0bJvDSorOpNfzEkfXx
451,Mr. Brightside,7oK9VyNzrYvRFo7nQEYkWN
452,Every Breath You Take,1JSTJqkT5qHq8MDJnJbRE1
453,Dreams - 2004 Remaster,0ofHAoxe9vBkTCp2UQIavz
454,Say You Won't Let Go,5uCax9HTNlzGybIStD3vDh
455,Train Wreck,55Am8neGJkdj2ADaM3aw5H
456,Wild Side (feat. Cardi B),2vXgyN14LX2zl7JEASw242
457,Fancy Like,3ZozFqJJlDBNIm4xqxn2ZD
458,All of Me,3U4isOIWM3VvDubwSI3y7a
459,Best Friend (feat. Doja Cat),2etHQJxIbV0soyPhelVs9Y
460,Tap In,4Hpib09wXgD84w4uwTPnYD
461,"Tap In (feat. Post Malone, DaBaby & Jack Harlow)",5woaU1FNkqCwg6WzWiQPW5
462,Good Days,3YJJjQPAbDT7mGpX3WtQ9A
463,penhasco.,5VTqW8raQYnj2avZ27nO2a
464,BRABA,6DEEuFNv0K3aJtFYZag8gv
465,Late At Night,1fxYz1s15pyZLsJT0Hdh1m
466,The Box,0nbXyq5TXYPCO7pr3N8S4I
467,High Fashion (feat. Mustard),07KXEDMj78x68D884wgVEm
468,Tip Toe (feat. A Boogie Wit da Hoodie),6ztvsy3C6hPjVg9j4x1XKJ
469,Start Wit Me (feat. Gunna),7A20WnLkjtZU2d7hIB6Ziu
470,The Real Slim Shady,3yfqSUWxFvZELEM4PmlwIR
471,Killer (feat. Jack Harlow & Cordae) - Remix,7zl7kehxesNEo2pYkKXTSe
472,Godzilla (feat. Juice WRLD),7FIWs0pqAYbP91WWM0vlTQ
473,Gnat,6cS9PmLky2NhLOhpIsUlow
474,"Lose Yourself - From ""8 Mile"" Soundtrack",5Z01UMMf7V1o0MzF86s6WJ
475,Those Kinda Nights (feat. Ed Sheeran),0VSzREd1OjEWJ9tXoFHRQH
476,Darkness,5SiZJoLXp3WOl3J4C8IK0d
477,"You Gon’ Learn (feat. Royce Da 5'9"" & White Gold)",0GQ5bFTVFFKpwNPc7KwQnB
478,Unaccommodating (feat. Young M.A),0q2vG0UVuy6ajjcpkQHdZM
479,Leaving Heaven (feat. Skylar Grey),5CpsIb7SMFHjmAG8RvIWfq
480,In Too Deep,7Dj2wqPYXfSRFwa6qyOztr
481,Premonition - Intro,7ccTcabbJlCJiIqtrSSwBk
482,No Regrets (feat. Don Toliver),1lO9CZo6eDrOy0S7khgryG
483,Lock It Up (feat. Anderson .Paak),1qwMkkRiD5jqLeUUjfgblh
484,Marsh,34d7sGX6WUqq8f04e7CSNF
485,Stepdad,3QVHSV8YKYq4L8tI5rnFgj
486,"Yah Yah (feat. Royce Da 5'9"", Black Thought, Q-Tip & Denaun)",5mZXWEH2eh8zMZGCxT5aW0
487,Never Love Again,40YbWniIEmqy6s58fYXLUh
488,Farewell,74gykWHknHDrg4eMdcmdRq
489,Alfred - Interlude,4EmunTy7kNBYQivOa8F6b8
490,Little Engine,4qNWEOMyexn7b8Icyk29t9
491,"I Will (feat. KXNG Crooked, Royce Da 5'9"" & Joell Ortiz)",3CJbxqRQ0JNCqboWDNUUeX
492,Holiday,6nV2dFZXpv1JlqDWBeTXRl
493,Patience (feat. YUNGBLUD & Polo G),5J5CpT6bgE6KYKk23jgp9W
494,Houdini (feat. Swarmz & Tion Wayne),3lay6f81Lhy0qp2Uvp4cNJ
495,Wake Up Call (feat. Trippie Redd),5MYzajZVxBaPT2JUSRa99L
496,WUSYANAME (feat. Youngboy Never Broke Again & Ty Dolla $ign),5B0kgjHULYJhAQkK5XsMoC
497,JUGGERNAUT (feat. Lil Uzi Vert & Pharrell Williams),7z4xW9WY86uH3gd1V9pfCM
498,LUMBERJACK,0BiK5BbYNFLb88CCOxBFJe
499,LEMONHEAD (feat. 42 Dugg),5fbHRCsGpFIOLRtlhCRFDR
500,HOT WIND BLOWS (feat. Lil Wayne),3JJL91ilRV6fXhKqu0FGXs
501,CORSO,46oHvXwpEZOFX518we1nJD
502,SWEET / I THOUGHT YOU WANTED TO DANCE (feat. Brent Faiyaz & Fana Hues),3EG9FJ0ToLfgnc1IG2Z1wz
503,SIR BAUDELAIRE (feat. DJ Drama),4ydmav4vl7hebadtfZtMrg
504,MASSA,2goHCrsDJaflEwQ930ef0o
505,RUNITUP (feat. Teezo Touchdown),13HsOwrwTA5HgLuoaDHncP
506,MANIFESTO (feat. Domo Genesis),6qouBO0wJtYc3k7DfKRUBx
507,WILSHIRE,1pbbsI2KGPOMu0HmuGccBu
508,RISE! (feat. DAISY WORLD),4Hta7Oy5W9HD0UgT1P8PPV
509,EARFQUAKE,5hVghJ4KaYES3BFUATCYn0
510,Sommergewitter,2H7jZg2HliuQhZjfBblLrZ
511,Airwaves,5CqkgDH8QZjSqqI3HmYxDD
512,Ride It,2tnVG71enUj33Ic2nFN6kZ
513,Shot in the Dark,239yM7BAQ2CkNc61ogPGXo
514,Last Train Home,0tgBtQ0ISnMQOKorrN9HLX
515,Baila Conmigo (with Rauw Alejandro),079Ey5uxL04AKPQgVQwx5h
516,Dámelo To’ (feat. Myke Towers),36CiGk9oRdwTnBDMgKEfjl
517,De Una Vez,1v3lhrZEsOcazqR2QIyyRu
518,Lose You To Love Me,4l0Mvzj72xxOpRrp6h8nHi
519,Boyfriend,4QnC1bIaMSfDQvF4XDhV5M
520,Feel Me,6XXYdF6pJR1K3wKvuxmu7n
521,Rare,7HMmFQsKsljwTw8bS7lu19
522,Look At Her Now,2XUPkAie1nz9SYIhbdIVWb
523,Vulnerable,11OwAR3GlBj9E35Cznf7Lj
524,Dance Again,5sK3o66yupTNIK6gWgzGjf
525,Ring,11Ey4yJVeWEsA73KjACkVY
526,Crowded Room (feat. 6LACK),2C0hTkdEoikhKzDCJl32QZ
527,People You Know,63mdJr3NMY3wReOkNE6c6W
528,Let Me Get Me,0uFForNKQPvgSCnxlZIhQy
529,A Sweeter Place (feat. Kid Cudi),4bb94wZVF1cX66vQjNeJTX
530,Cut You Off,4OtHGdb0KqEbaWb6edUnR9
531,Kinda Crazy,59iGOjPSOcPLGl3vqEStUp
532,The Jackie (with J. Cole & Lil Tjay),15qKrPi4Kg0z7g9HlwWyeb
533,Alcohol-Free,0BTaaKT4RMbs5M73tOHX5Y
534,I CAN'T STOP ME,37ZtpRBkHcaq6hHy0X98zn
535,MORE & MORE,3omvXShuRPM3zbDpWYqf5g
536,WHOLE LOTTA MONEY (feat. Nicki Minaj) - Remix,67G6iaOw8DZqp1z8STR89R
537,Wonderwall - Remastered,7ygpwy2qP3NbrxVkHvUhXY
538,Wonderwall,7ygpwy2qP3NbrxVkHvUhXY
539,Wasting Time ( feat. Drake ),48WidxP9CqyYtk97pwGZ3c
540,EVERY CHANCE I GET (feat. Lil Baby & Lil Durk),1EJIcDYXwSqipW5dFe4uJz
541,"I DID IT (feat. Post Malone, Megan Thee Stallion, Lil Baby & DaBaby)",20GrahbI4AzAOWxpYfDKkf
542,POPSTAR (feat. Drake),6EDO9iiTtwNv6waLwa1UUq
543,LET IT GO (feat. Justin Bieber & 21 Savage),1cEhrSF6EylAEqdhUGuNpX
544,GREECE (feat. Drake),35RJhm1pEovTBwnNR0zWad
545,Solar Power,3KdoeNlEN0BoAKWzaRLNZa
546,Lieben wir,49gzU1IS1B6P3GATSZ5eCE
547,90-60-111,3ZdDYeaZzeYnrP4crgXzPk
548,Batom de Cereja - Ao Vivo,2MZQAvsA7aZDssppBLRxYp
549,Prisoner (feat. Dua Lipa),5JqZ3oqF00jkT81foAFvqg
550,Midnight Sky,27ycaQnQAxaPiyeg3nr2aB
551,Angels Like You,1daDRI9ahBonbWD8YcxOIB
552,Heart Of Glass (Live from the iHeart Festival),5i7ThJfYLAzp2DyZuFpF6j
553,Plastic Hearts,6qCsKKS7Ol63SJW3LOIX5R
554,When I Look At You,7ywzEdEuVG1lsjsRCGJfLy
555,Do I Wanna Know?,5FVd6KXrgO9B3JPmC8OPst
556,Why'd You Only Call Me When You're High?,086myS9r57YsLbJpU0TgK9
557,Having Our Way (feat. Drake),2NM0qHzx4Ohy8iXHEEgwlO
558,Straightenin,3X2r2CnHOJeV5YekPTgBnK
559,Avalanche,4KD0lLJ4OGonZhBeKtct9I
560,Malibu (feat. Polo G),3v1zVVdzNVNt7vmI9VG2gq
561,Modern Day,2Igem6Q4sfvXGJ3JkG7Baw
562,Racks 2 Skinny,568OIKgeHyGRD3uWR44JbO
563,Hecha Pa' Mi,3VvA1wSxukMLsvXoXtlwWx
564,Petrouchka (feat. PLK),03y045SZqaC94yfXl1cU4E
565,p r i d e . i s . t h e . d e v i l (with Lil Baby),5W8jRrZ6tWrTrqnKRtIQBf
566,m y . l i f e (with 21 Savage & Morray),1D3z6HTiQsNmZxjl7F7eoG
567,No Role Modelz,62vpWI1CHwFy7tMIcSStl8
568,a m a r i,2cnKST6T9qUo2i907lm8zX
569,i n t e r l u d e,08LwMWf5Tcfsd752EPzFV0
570,9 5 . s o u t h,5R691ipUYRDYW6ehapjoj6
571,l e t . g o . m y . h a n d (with Bas & 6LACK),0GAyuCo975IHGxxiLKDufB
572,a p p l y i n g . p r e s s u r e,1d7q712nXjG98HiwHk7HFS
573,1 0 0 . m i l ‘ (with Bas),4n6NDfYake476trCjJRNl0
574,p u n c h i n ‘ . t h e . c l o c k,57ZUX6TNyKLBydAdVVd02x
575,t h e . c l i m b . b a c k,5lLNBIyjp72btcnrjBG751
576,h u n g e r . o n . h i l l s i d e (with Bas),5BwQjRasNcdRPuVWKcHto2
577,c l o s e,1D3z6HTiQsNmZxjl7F7eoG
578,Lion King On Ice,1ZvBVbsaNqHEP6ymXaPGlj
579,Snow On Tha Bluff,1oOEkBNp4zWnkD7nWjJdog
580,MIDDLE CHILD,2JvzF1RMd7lE3KmFlsyZD8
581,Jocelyn Flores,7m9OqQk4RVRkw9JJdeAw96
582,SAD!,3ee8Jmje8o58CHK66QrVC2
583,Hope,2ZRo7axmMPeSVUvDbGkJah
584,Moonlight,0JP9xo3adEtGSdUEISiszL
585,Everybody Dies In Their Nightmares,3GVkPk8mqxz0itaAriG1L7
586,Riot,4aOOExMBUyxKnEYb39SrTg
587,changes,7AFASza1mXqntmGtbxXprO
588,Can't Hold Us - feat. Ray Dalton,3bidbhpOYeV4knp8AIu8Xn
589,my ex's best friend (with blackbear),7kDUspsoYfLkWnZR7qwHZl
590,love race (feat. Kellin Quinn),1F9kEuwT29fgqlovIclu81
591,DAYWALKER! (feat. CORPSE),2NnJpRXIlx35Vij3bPZO0h
592,forget me too (feat. Halsey),1VSuFS7PahCN3SWbOcQ98m
593,bloody valentine,6mADjHs6FXdroPzEGW6KVJ
594,drunk face,3k0YJnqMKRZb8swo86vCkq
595,We Are The People (feat. Bono & The Edge) - Official UEFA EURO 2020 Song,2iL0W5qi0ivZ9WRXbZ74cS
596,Pressure (feat. Tove Lo),4ga4WvRNhMsIL38pkBbnIN
597,Drown (feat. Clinton Kane),4RVtBlHFKj51Ipvpfv5ER4
598,In the End,60a0Rd6pjrkxjPbaKzXjfq
599,My Head & My Heart,1KixkQVDUHggZMU9dUobgm
600,Kings & Queens,7a53HqqArd4b9NF4XAmlbI
601,Christmas Without You,1QLZKzC2pjP4ySf4ALrNhm
602,Who's Laughing Now,1Pmp486RrLRkaEkE3HFHXP
603,Sweet but Psycho,7DnAm9FOTWE3cUvso43HhI
604,Salt,2o2p9xH3bkSDLcp6phIF4J
605,Tipo Gin - Ao Vivo,4llr8mcoauwrHBtjGb7F9S
606,Rain On Me (with Ariana Grande),24ySl2hOPGCDcxBxFIqWBu
607,Sour Candy (with BLACKPINK),6R6ZoHTypt5lt68MWbzZXv
608,Stupid Love,1zPwSOUc5MPtPg8EgXAGKU
609,Alice,41A89rj3GoMG6ktN37L7PG
610,Free Woman,4L6ihclQPu1hqP9r3WNJjQ
611,Fun Tonight,6hyQVqfHFvsJDjcmj4qrHf
612,Sine From Above (with Elton John),0zzsyWc45eUcSjw4FNHxeN
613,Enigma,7JDbfYUHjDzQPFSDh5lzGs
614,Replay,7sKbyYeJnITO1Eh9xd0lKd
615,Plastic Doll,3CidPLqWXqgesJlwYVJZdy
616,Chromatica II,0oQc0F6KUE7QY7k5TU6bic
617,Babylon,5DttNeiizFqWUON9hZBqTY
618,Chromatica I,0oQc0F6KUE7QY7k5TU6bic
619,1000 Doves,62hTXlVQacy3pjBW4ntRPl
620,NEVER LEFT,21UkXrc9kD48rNpTMI2ecz
621,Dolly (with Lil Uzi Vert),77Xwqkw7VrV8E5FCq9JhO8
622,Ransom,1lOe9qE0vR9zwWQAOk6CoO
623,Slumber Party (feat. Princess Nokia),11ZulcYY4lowvcQm4oe3VJ
624,Daisy,0AUvWawuP0ibk4SQ3sIZjk
625,Blueberry Faygo,6wJYhPfqk3KGhHRG76WzOh
626,Stuck In A Dream (feat. Gunna),7iHHxY2NLlJRAmlAmC4ahQ
627,Shy Away,2nG54Y4a3sH9YpfxMolOyi
628,Saturday,60dwJ8dnqZ4WrIdiu7LkNR
629,Choker,732E6ibFkQR5lNIPEeiEnx
630,Stressed Out,3CRDbSIZ4r5MsZ0YwxuEkn
631,Level of Concern,6xZ4Q2k2ompmDppyeESIY8
632,Seeing Green (with Drake & Lil Wayne),1TZv3bujNaYz646eezRE91
633,Yikes,75dLEqanQTupF3dtP9exT5
634,In the morning,2QdH0rKlV3d9Y6lWzcnlBH
635,Not Shy,4ecVWqbtW6phQGpZMAyqIU
636,WANNABE,6tCssnvTUREcperDOUTqvA
637,Headshot (feat. Polo G & Fivio Foreign),4eNOLmx8r2IJAVKvBBL1jv
638,Run It Up (feat. Offset & Moneybagg Yo),1dg3qy5DjoJodawfOCgrTP
639,Zoo York (feat. Fivio Foreign & Pop Smoke),3Ddny34bFoYBb8dIGq5lwp
640,10 Years,4O0LQKVT6hGmVGNwizmydg
641,Bubblegum Bitch,0ZFBKLOZLIM16RAUb5eomN
643,Explícito,6qraVL4IJaIj0IuEexYJNa
644,Diosa,3JHpk0DOTOzyh0777JFAky
645,Girl,43NqTeL8pgBxKHPMiJKUP5
646,PROBLEMA,7vzPjsX8UzlPKKtV47qGPn
647,Que Tire Pa Lante,6RyaV7owmVU6fzEPE17sF1
648,If the World Was Ending - feat. Julia Michaels,2kJwzbxV2ppxnQoYw4GLBZ
649,What You Need,6LcX2hBbXaJcK4AuefE936
650,After Party,527k23H0A4Q0UJN3vGs0Da
651,No Idea,7AzlLxHn24DxjgQX73F9fU
652,Cardigan,0Li1OuXXfi7950ilZUFGkF
653,Had Enough (feat. Quavo & Offset),7LGWmZaoS7jZJ5tEi9EcDi
654,Life Is Good (feat. Drake),5yY9lUy8nbvjM1Uyo1Uqoc
655,Solitaires (feat. Travis Scott),4kfeRwpq5KUaqTkgi4TbDF
656,All Bad (feat. Lil Uzi Vert),021lWIHJrURZrmvYQ1xcM8
657,Trillionaire (feat. Youngboy Never Broke Again),740kQ8xwSGloumdiKR5Cwz
658,"Life Is Good (feat. Drake, DaBaby & Lil Baby) - Remix",4iiWcajF1fEUpwcUewc464
659,Tapão Na Raba,58pgi1RpcU2fVJsxhm7BIr
660,Paradigmas,17UfXrL7Run3GyZJW4uRjC
661,Lance Individual,7GLWWrk1YlkPYqJK3ynIA0
662,Cheirosa - Ao Vivo,2PWjKmjyTZeDpmOUa3a5da
663,durag activity (with Travis Scott),4JJcP0Rv9AgyPD6ZGaC8EE
664,Girl From Rio,6CF085Ol0cVda1WqelybEQ
666,Me Gusta (with Cardi B & Myke Towers),7e1VoRlNumuEkXlITMHKLE
668,Mr. Perfectly Fine (Taylor’s Version) (From The Vault),2CYVETnhM9aytqrazYYwrK
669,Love Story (Taylor’s Version),6YvqWjhGD8mB5QXcbcUKtx
670,willow,0lx2cLdOt3piJbcaXIV74f
671,You Belong With Me (Taylor’s Version),1qrpoAMXodY6895hGKoUpA
672,Fearless (Taylor’s Version),77sMIMlNaSURUAXq5coCxE
673,Fifteen (Taylor’s Version),2nqio0SfWg6gh2eCtfuMa5
674,The Way I Loved You (Taylor’s Version),22bPsP2jCgbLUvh82U0Z3M
675,You All Over Me (feat. Maren Morris) (Taylor’s Version) (From The Vault),5pcjystBtalYeqaiXCcgEY
676,Hey Stephen (Taylor’s Version),550erGcdD9n6PnwxrvYqZT
677,White Horse (Taylor’s Version),5YL553x8sHderRBDlm3NM3
678,Forever & Always (Taylor’s Version),1msEuwSBneBKpVCZQcFTsU
679,Breathe (feat. Colbie Caillat) (Taylor’s Version),7HC7R2D8WjXVcUHJyEGjRs
680,That’s When (feat. Keith Urban) (Taylor’s Version) (From The Vault),7eResoqEJJAVTkQYSqvO3P
681,Tell Me Why (Taylor’s Version),0k0vFacOHNuArLWMiH60p7
682,You’re Not Sorry (Taylor’s Version),6iiAfo4wTA2CVC3Uwx9uh8
683,Don’t You (Taylor’s Version) (From The Vault),4uuEGH5SVuzkkSFjo2DEiY
684,We Were Happy (Taylor’s Version) (From The Vault),34V9RiEPe8MNdU32qJsJa1
685,champagne problems,0sY6ZUTh4yoctD8VIXz339
686,"no body, no crime (feat. HAIM)",3RaT22zZsxVYxxKR7TAaYF
687,‘tis the damn season,7dW84mWkdWE5a6lFWxJCBG
688,gold rush,5BK0uqwY9DNfZ630STAEaq
689,Christmas Tree Farm,2mvabkN1i2gLnGAPUVdwek
690,tolerate it,0PurA4JVJ8YQgSVopY8fn6
691,happiness,73YUReisjb3A9ActdLLjJQ
692,ivy,19CSr8rwW05VJL2F91KFNK
693,dorothea,670fUmXf4KQekzbEgaXyPA
694,coney island (feat. The National),3k7ne7VmH43ZPWxPdvPUgR
695,evermore (feat. Bon Iver),3O5osWf1rSoKMwe6E9ZaXP
696,long story short,2o2sgVJIgFXk8GQjWTgI6U
697,cowboy like me,1XjHRolIXL2M1EEOUsGGR4
698,marjorie,12ntTeqEeTg7GAVpe8Mhpl
699,closure,35rdVq36LMHQX0Suw9a6tK
700,cardigan,4R2kfaDFhslZEMJqAFNpdd
701,exile (feat. Bon Iver),4pvb0WLRcMtbPGmtejJJ6y
702,the 1,0Jlcvv8IykzHaSmj49uNW8
703,august,3hUxzQpSfdDqwM3ZTFQY0K
704,the last great american dynasty,2Eeur20xVqfUoM3Q7EFPFt
705,my tears ricochet,1MgV7FIyNxIG7WzMRJV5HC
706,invisible string,6VsvKPJ4xjVNKpI8VVZ3SV
707,mirrorball,0ZNU020wNYvgW84iljPkPP
708,seven,6KJqZcs9XDgVck7Lg9QOTC
709,this is me trying,7kt9e9LFSpN1zQtYEl19o1
710,betty,5kI4eCXXzyuIUXjQra0Cxi
711,illicit affairs,2NmsngXHeC1GQ9wWrzhOMf
712,mad woman,2QDyYdZyhlP2fp79KZX8Bi
713,epiphany,08fa9LFcFBTcilB3iq2e2A
714,peace,7MbT4I8qGntX4fMdqMQgke
715,hoax,6MWoRt97mnSTXZhu3ggi9C
716,You Need To Calm Down,6RRNNciQGZEXnqk8SQ9yv5
717,Only The Young - Featured in Miss Americana,2slqvGLwzZZYsT4K4Y1GBC
718,ME! (feat. Brendon Urie of Panic! At The Disco),2Rk4JlNc2TPmZe2af99d45
719,Lover (Remix) [feat. Shawn Mendes],3i9UVldZOE0aD0JnyfAZZ0
720,Met Him Last Night (feat. Ariana Grande),0BI0hfbmqybnd3TezrDME3
721,Dancing With The Devil,2kONpeXXK70YEs7c0UQbmq
722,I Love Me,2IHLaN6wwYKQ3S24NsQqpA
723,Come Through (feat. Chris Brown),3krZxyBsWEHfEfJegYaWTd
724,Monster (Shawn Mendes & Justin Bieber),2Z8yfpFX0ZMavHkcIeHiO1
725,Wonder,7jjS2fSD9zuzbEHeVEFJ2w
726,The Christmas Song (Shawn Mendes & Camila Cabello),0fwxmtpxpMmEMphmJbCAEx
727,Teach Me How To Love,5LZtB6nxvjIhUoElp3Zqk0
728,If I Can't Have You,6LsAAHotRLMOHfCsSfYCsz
729,hot girl bummer,2mt1IqcFyY1zmYZT8Q3xw9
730,if i were u (with Lauv),0CF1RH8dQKuK2lQPSQw2lZ
731,me & ur ghost,38KsRHYE10bG0paU78gL9r
732,Quero Ver é Me Esquecer (feat. Jorge) - Ao Vivo,2SUPbyD77tJuOUbqbxct6l
733,Recairei - Ao Vivo,71FrGl0XcpL3VId65tB5mg
734,X Gon' Give It To Ya,1zzxoZVylsna2BQB65Ppcb
735,Ruff Ryders' Anthem,1BKT2I9x4RGKaKqW4up34s
736,Take You Dancing,59qrUpoplZxbIZxk6X0Bm3
737,"Whats Poppin (feat. DaBaby, Tory Lanez & Lil Wayne) [Remix] - Bonus Track",0ZLuW8uOXdFNWcI40C0OC2
738,Tyler Herro,4DuUwzP4ALMqpquHU0ltAB
739,Way Out (feat. Big Sean),6rLi6PyWXu1rPlShuIZpj6
740,WHATS POPPIN,2MbdDtCv5LUVjYy9RuGTgC
741,Take on Me,2WfaOiMkCvy7F5fcp2zZ8L
742,Richer (feat. Polo G), 
743,Rags2Riches 2 (feat. Lil Baby),40TPiJpvwGIyvPjJMDTKfy
744,Rags2Riches (feat. ATR Son Son),0qg0GJp7HSewRCVPP4fKGk
745,Heart On Ice,6fWa5CRgy0z30OeGZyMBvD
746,Tu Veneno,5KFHrrBMyGj5MhVbZMM3ts
747,Azul,2lCkncy6bIB0LTMT7kvrD1
748,Rojo,3zR9JVqHsILrkNyCOqA6jM
749,Amarillo,6zEgnpM0qYmHLDnh8WPejL
750,Morado,3mQ6SLdxxaL52Yte7KF2Ks
751,Blanco,2rc7BkzO8qepMFAxHtOrXc
752,Rosa,464uJVLmr0fDJGXOnciaDe
753,Gris,1syf62zw48zu4FrPwMtDHk
754,Negro,2hsA9YWuF3C9Gosi4dpjJN
755,Girls Like Us,5SFXOMJJ334Wn2PwBHeRZN
756,Coração Na Cama - Ao Vivo,2nZj5YymF54qhAu7RneVP6
757,White Dress,4Hl9rOqYomojCmxYfr25im
758,Chemtrails Over The Country Club,7bPWdJgx8vek7S5i5yAtvG
759,Let Me Love You Like A Woman,1gxdWpeOUBpvB908fiZs4D
760,Ropa Cara,7BIy3EGQhg98CsRdKYHnJC
761,Vida de Rico,73nAK3HgQK8dak83Y2WQ8F
762,Favorito,0Snbzbd74RLfL0i4nn1vU5
763,El Mismo Aire - con Pablo Alborán,5EbtodsuLbxrFDH6j5avVS
764,Devil Eyes,7MiZjKawmXTsTNePyTfPyL
765,Ponte Pa' Mi,4C6BlqqMwjFzOXzqpTeoWR
766,Jeans,3GtnId3Cm1Xa6joCj08nzW
767,Selfish Love (with Selena Gomez),3XoflnowYPFRPOh3uFvHcm
768,"Taki Taki (feat. Selena Gomez, Ozuna & Cardi B)",0KoiMHhqKLoL4xM54rcWYY
769,Snowman,7uoFMmxln0GPXQ0AcCBXRq
770,Santa's Coming for Us,1N1ZpYUJc9fwrqk53FGgWv
771,Together,5id3Rqn7SPj1LX4FfY4nGz
772,All We Got (feat. KIDDO),1FP9s72rDYty6mfoOEYKnE
773,The Less I Know The Better,6K4t31amVTZDgR3sKmwUJJ
774,Breathe Deeper,3LbZIhU0smEU5SUnxod4j4
775,Borderline,5hM5arv9KDbCHS0k9uqwjr
776,One More Year,5ozqshq2dtU7SYCpCBu0NE
777,Lost In Yesterday,5JWPUEov2wlX7c0jhYZpeB
778,Someone To You,2f0pn9DkEJwAzXApnFh5cr
779,To the Bone,3pCt2wRdBDa2kCisIdHWgF
780,How You Like That,4SFknyjLcyTLJFPKD2m96o
781,Lovesick Girls,4Ws314Ylb27BVsvlZOy30C
782,Ice Cream (with Selena Gomez),4JUPEh2DVSXFGExu4Uxevz
783,Pretty Savage,1XnpzbOGptRwfJhZgLbmSr
784,Bet You Wanna (feat. Cardi B),7iAgNZdotu40NwtoIWJHFe
785,Love To Hate Me,7iKDsPfLT0d5mu2htfMKBZ
786,Crazy Over You,7qq0EOPW4RRlqdvMBmdd73
787,You Never Know,3b7trEcKoglybN5MxGuSaw
788,Kill This Love,6hvczQ05jc1yGlp9zhb95V
789,VOCE,6CAVxdHTkls5loqUmfM52V
790,Real As It Gets (feat. EST Gee),7eX3um6NpOQKWJMGCi97XD
791,Errbody,6eVxH9Kyanzrw636zJRPcw
792,We Paid (feat. 42 Dugg),6gxKUmycQX7uyMwJcweFjp
793,The Bigger Picture,44gRhRi2OhEf7moAUj6MD1
794,Emotionally Scarred,7ge7BHazYbVKi8qyZUX1Bm
795,Woah,598yNsG1JFrGd4n2kMoz7F
796,Heatin Up (feat. Gunna),7KSSdFCBHCfq4KPzz78ghk
797,Live Off My Closet (feat. Future),6AyWdCtEn1DdxjnxPeojR2
798,Commercial (feat. Lil Uzi Vert),3tDqEKKUs6gf8zMvSuLyLA
799,Sum 2 Prove,2u3EyuCqqV31woqGvO9LBz
800,Se Te Nota (with Guaynaa),11EnQRgRMJwMAesfkB5pnu
801,Star Shopping,30bqVoKjX479ab90a8Pafp
802,Electric Love,2GiJYvgVaD2HtM8GqD9EgQ
803,ROXANNE,696DnlkuDOXcMAnKlTgXXK
804,FML,6lruHh1jF7ezgbLv72xYmf
805,Without Me,5p7ujcrUXASCNwRaWNHR1C
806,You should be sad,7lidXGPXPYLNThITAOTlkK
807,Graveyard,2ufmtcIFdFpuUYBPXK5f67
808,Still Learning,2Mfv5HaqnI18Q9JRv9hqnn
809,Sofia,7B3z0ySL9Rr0XvZEAjWZzM
810,CLOUDS,5UMMPHPp6vRP6ghPpSUOzp
811,Skin,03B2SfXuvDh1m9F4tqrX07
812,ily (i love you baby) (feat. Emilee),62aP9fBQKYKxi7PDXwcUAS
813,You (with Marshmello & Vance Joy),1GkHyypTFkUf0QQKwYoXH4
814,Eastside (with Halsey & Khalid),0d2iYfpKoM0QCKvcLCkBao
815,Can You Feel My Heart,0WSa1sucoNRcEeULlZVQXj
816,Parasite Eve,5OxclJsdFESni44YlpNpkR
817,Be Alright,3EPXxR3ImUwfayaurPi3cm
818,Mi Cuarto,6fmQjRuo7XvRFCK2qex5hQ
819,Vibez,709F3MwiVvLD0LQXeKs5Cz
820,Better,1dLXLETYiZohIZWnse4ypG
821,Wasted On You,3cBsEDNhFI9E82vPj3kvi3
822,Somebody’s Problem,0SErdEdRcVX1uJCf1eTGYH
823,Sand In My Boots,0uRrG2jRR5tuifsYIJHEao
824,865,0sKEilrw1GrBlG6qsTCrP4
825,7 Summers,4obHzpwGrjoTuZh2DItEMZ
826,More Than My Hometown,5OELUCYgOHKFAvCERnAvfS
827,Warning,64SCQtbRtmO28ks1QhS3w5
828,Diamonds,5hvwx5i67IwnCkjl9VHkNv
829,Have Yourself A Merry Little Christmas,1Qi2wh8fFgDV7tl4Sj3f2K
830,Dancing With A Stranger (with Normani),6Qs4SXO9dwPj5GKvVOv8Ki
831,Kids Again,1ABS9lKaZ1uXkXCqr9zFO7
832,My Oasis (feat. Burna Boy),2KoHxhRyWxJzA0VafWd5Nk
833,I’m Ready (with Demi Lovato),1fipvP2zmef6vN2IwXfJhY
834,How Do You Sleep?,6b2RcmUt1g9N9mQ3CbjX2Y
835,To Die For,2ZTYlnhhV1UAReg7wIGolx
836,Too Good At Goodbyes,3VlbOrM6nYPprVvzBZllE5
837,Caramelo,3gD4J3RUHy4OUuZ3qAiaiG
838,Fantasía,40rXWke6SnXiGkSmaT8ZUr
839,Deep End,2AlYncTpVHKwHb55F9lF6O
840,Angst,5yUzqd3H7cmJ1no6B4uTzu
841,Bläulich,2WRTnY0slmFgWcrmEr8dPj
842,Sie ruft,4CyCHkhRsDXUeP5K4Y3xjU
843,Boot,12KENAKQY5JvAsRURN7TzB
844,Fame,3goH7O78TLkV9RhCAyM4AT
845,Matrix,7ygVaACDENw4PgLbN1awFE
846,Roller,6hw1Sy9wZ8UCxYGdpKrU6M
847,Sunday Best,1Cv1YLb4q0RzL6pybtaMLo
848,Tequila Shots,30KctD1WsHKTIYczXjip5a
849,Show Out (with Skepta & Pop Smoke),5CFJRZRq6sdKKtRwNPWbYv
850,She Knows This,1xzUQMiCoY5pdego0pHMeV
851,Another Day,6myUpr3GDR80Dg3zqNTmmG
852,"Solo Dolo, Pt. III",27oVCAziETRbNuo5A8LNpg
853,Dive,7Hc3YL8oDiAzbiAW32KXrw
854,Heaven On Earth,2koUj1Fn5TKFEkChSmBPIb
855,Sad People,4nuAslShoN77tq12fzwjUq
856,Damaged,2n7Ao4nyESBa5ti8gcAbBt
857,Beautiful Trip,4IIuCotvqijraSdnVLaFnM
858,The Void,2yg7MXp8nSPaf61HVkhEr3
859,The Adventures of Moon Man & Slim Shady (with Eminem),38iBrrbbXyWaSPkmuDNgjZ
860,All I Want for Christmas Is You,0bYg9bo50gSsH3LtXe2SQn
861,Oh Santa! (feat. Ariana Grande & Jennifer Hudson),1Ri9P0ZPrqr6h0REDRdJBd
862,Last Christmas,2FRnf9qhLbvw8fu4IBXx78
863,Rockin' Around The Christmas Tree,2EjXfH91m7f8HiJN1yQg97
864,Jingle Bell Rock,7vQbuQcyTflfCIOu3Uzzya
865,It's Beginning to Look a Lot like Christmas,5a1iz510sv2W9Dt1MvFd5R
866,Holly Jolly Christmas,5PuKlCjfEVIXl0ZBp5ZW9g
867,Santa Claus Is Coming to Town,1RMDXedcRno6rDBCbNHDJf
868,It's the Most Wonderful Time of the Year,5hslUAKq9I9CG2bAulFkHN
869,Underneath the Tree,3YZE5qDV7u1ZD1gZc47ZeR
870,Feliz Navidad,0oPdaY4dXtc3ZsaG17V972
871,Let It Snow! Let It Snow! Let It Snow!,2uFaJJtFpPDc5Pa95XzTvg
872,"Baby, It's Cold Outside",4MrfQL4TYQXJBlZYpAHTuE
873,Rudolph The Red-Nosed Reindeer,2L9QLAhrvtP4EYg1lY0Tnw
874,Let It Snow! Let It Snow! Let It Snow! (with The B. Swanson Quartet),4kKdvXD0ez7jp1296JmAts
875,Mistletoe And Holly - Remastered 1999,7faDzZnZYqTyYThx2sbHVQ
876,Jingle Bells - Remastered 1999,4HEOgBHRCExyYVeTyrXsnL
877,Sleigh Ride,5ASM6Qjiav2xPe7gRkQMsQ
878,Do They Know It's Christmas? - 1984 Version,0247StOpd3AkeBQzANX4Zf
879,Wonderful Christmastime - Edited Version / Remastered 2011,1SV1fxF65n9NhRHp3KlBuu
880,Wonderful Christmastime [Edited Version] - Remastered 2011 / Edited Version,1SV1fxF65n9NhRHp3KlBuu
881,Driving Home for Christmas - 2019 Remaster, 
882,The Christmas Song (Merry Christmas To You),4PS1e8f2LvuTFgUs1Cn3ON
883,Joy To The World,5oWFPbd340pwiXKMO1CQRy
884,Slay3r,1eMNW1HQjF1dbb4GtnmpaX
885,@ MEH,5rffvRUaCvkPnkwMVcQYgZ
886,A Holly Jolly Christmas - Single Version,77khP2fIVhSW23NwxrRluh
887,Fairytale of New York (feat. Kirsty MacColl),3VTNVsTTu05dmTsVFrmGpK
888,Merry Christmas Everyone,2TE4xW3ImvpltVU0cPcKUn
889,Blue Christmas,3QiAAp20rPC3dcAtKtMaqQ
890,Run Rudolph Run - Single Version,47CIT5hMphuMQkpeyfGQTL
891,Santa Claus Is Coming To Town,5Gz7EYD7JAmItA7FbhKgKb
892,I Saw Mommy Kissing Santa Claus,15sxLiiChE5dCW3Y756oas
893,Santa Baby,0cM5URUqqQTpJWonmdzF1J
894,Christmas (Baby Please Come Home),46pF1zFimM582ss1PrMy68
895,Step Into Christmas,6sBWmE23q6xQHlnEZ8jYPT
896,Investe Em Mim,15k1TDabqSEmyXOwMq9RM7
897,Jingle Bell Rock - Daryl's Version,6pVW5LRWgeLaHudxauOTJU
898,My Only Wish (This Year),0YWUHZPJVg4iujddsJDwhM
899,"Baby, It's Cold Outside (feat. Meghan Trainor)",5Q2P43CJra0uRAogjHyJDK
900,Like It's Christmas,1OjmlSFuzYflWjSMTCyTJv
901,Sucker,22vgEDb5hykfaTwLuskFGD
902,What A Man Gotta Do,4wNIkl5XGiAACjFBlDWuSd
903,X (with KAROL G),77fvnWALKJR0ws1VUx09CY
904,Only Human,0DiDStADDVh3SvAsoJAFMk
905,You Make It Feel Like Christmas (feat. Blake Shelton),2OQ6a4CfUeYskpTTgyawyJ
906,Baby It's Cold Outside (duet with Michael Bublé),0Ie5uiv54KgCr7P4sYDTHl
907,What Christmas Means To Me,6Wn9zkkbWdK42uXCcADkRq
908,"Santa Claus Is Comin' to Town - Live at C.W. Post College, Greenvale, NY - December 1975",6s2wpWPFPAgKg2LXxi1Oee
909,One More Sleep,78pn8k7RogKo2oxl0DyX6d
910,Little Saint Nick - 1991 Remix,63Lk6VuXdj7S58R3wLdv9r
911,Naughty List (with Dixie),2Y0ktCGrGoGcQFXsGztvhi
912,I'll Be Home,0lTurWECr2XL607eJAj1A3
913,My Kind Of Present,2rkb8ijsPapKDMEh0cSe8I
914,Do You Hear What I Hear? - Remastered 2006,5aDoUmxBsbdpS16alksb5Z
915,Hallelujah,0HZk0QsXPhMNAWNDR3rYE8
916,This Christmas,38xhBO2AKrJnjdjVnhJES6
917,Winter Wonderland,6kkJlaBYdyFcwCg67hW40t
918,Cozy Little Christmas,02FaKXXL7KUtRc7K0k54tL
919,Cry About It Later,43WYPxyEfIxlIjNlxQGYzc
920,Daisies,4uqh9bualXNHXXwO2wPorc
921,Never Really Over,5PYQUBXc7NYeI1obMKSJK0
922,"Merry Christmas, Happy Holidays",4v9WbaxW8HdjqfUiWYWsII
923,Please Come Home for Christmas - 2013 Remaster,3QIoEi8Enr9uHffwInGIsC
924,Jenny (I Wanna Ruin Our Friendship),4JLBDUYSaOMPYND0iWeSWQ
925,Baby (with J Balvin),3eblNP3Zd5b5J3JaOckl8Y
926,Tik Tok (feat. Marracash & Guè Pequeno),3tkYK45AZC0PqJ7MSe6IyJ
927,Abracadabra (feat. Future),2GuLouaDNgLGxdJoe0vYf6
928,Hollywood (feat. Diplo),0WXU7I74NEN1DMLIT406Wx
929,Jerusalema (feat. Nomcebo Zikode),2MlOUXmcofMackX3bxfSwi
930,"Agua (with J Balvin) - Music From ""Sponge On The Run"" Movie", 
931,Adicto (with Anuel AA & Ozuna),3jbT1Y5MoPwEIpZndDDwVq
932,Djadja (feat. Maluma) - Remix,6AzKhCHOms83jvNVLsz0Bt
933,Jolie nana,65RWVU6N81CeH65nu52K1U
934,Mirrors,4rHZZAmHpZrA3iH5zx8frV
935,Are You Bored Yet? (feat. Clairo),57RA3JGafJm5zRtKJiKPIm
936,"10,000 Hours (with Justin Bieber)",2wrJq5XKLnmhRXHIAf9xBa
937,Quiéreme Mientras Se Pueda,34LI7rwi9H8w2S5KTHnv1M
938,Party Girl,5RqR4ZCCKJDcBLIn4sih9l
939,Be Like That - feat. Swae Lee & Khalid,5f1joOtoMeyppIcJGZQvqJ
940,Spicy (feat. Post Malone),5IUtvfNvOyVYZUa6AJFrnP
941,"Ego Death (feat. Kanye West, FKA twigs & Skrillex)",3Q5cLvkKsHJvYltf8k7HkO
942,Sweet Melody,76Tuo484SLohJakHLnGI3B
943,Break Up Song,5HArmECc1y0lCHKVKDKXa4
944,Blueberry Eyes (feat. SUGA of BTS),5dn6QANKbf76pANGjMBida
945,Still Don't Know My Name,6N22FZs2ZhPBYi3b9XPajV
946,Get You The Moon (feat. Snøw),4ZLzoOkj0MPWrTLvooIuaa
947,Forever After All,6IBcOGPsniK3Pso1wHIhew
948,SLOW DANCING IN THE DARK,0rKtyWc8bvkriBthvHKY8d
949,Your Man,6Vgtvd7I5yopJdBuxqjBd2
950,Gimme Love,2hfoyc7ve6xM4ZEiNIiU1B
951,Ew,7xcUWyLh6fIMsYjoVI7NnZ
952,MODUS,5SjtAe7xzUgHDtNTmt8zS7
953,Tick Tock,5E7p95xh9Ul4vZp4LEoJwi
954,Sanctuary,3xaugmCyXrVkrDTXbFkMW3
955,Pretty Boy (feat. Lil Yachty),0f1G5SHFoFC9lO03gHCGVS
956,Thriller,7azo4rpSUh8nXgtonC6Pkq
957,Angeklagt,5eu4Lxm5TlI0tKSTTDWJAT
958,Fuckst mich nur ab,0y8mJFmm4ogCHnfe0oTuT6
959,Tilidin Weg,7idxewQZ24F0gQy2EWE6Ug
960,Big Body Benz,2WOJ7D52Ng3myrKlEf4Azj
961,Roadrunner,0atjNG0rNW2m6zPaiK4Co7
962,Shotz Fired,0dy5NFDnx5fuZvE8ZXEX35
963,Highway to Hell,2zYzyRzz6pRmhPzyfMEC8s
964,Wolves (feat. Post Malone),33gwZOGJWEZ7dRWPqPxBEZ
965,Lithuania (feat. Travis Scott),4VLTxHOyFX5FRtkpsFm5Pc
966,Let Her Go,0JmiBCpWc1IAc0et7Xm7FL
967,Play Date,4DpNNXFMMxQEKl7r0ykkWA
968,Someone Like You,1zwMYTA5nlNjZxYrvBB2pV
969,It's You,5DqdesEfbRyOlSS3Tf6c29
970,What If I Told You That I Love You,6USdi8uX5GNAPYziFhisHb
971,Stunnin' (feat. Harm Franklin),2JSmxLqt8h7ZpJJkfuLJvK
972,Hate The Way (feat. blackbear),3QGppKBPd9gHOgHJzRbVIw
973,Still Be Friends (feat. Tory Lanez & Tyga),0JjM9bKm4wrwohMslcm892
974,"Baby, I'm Jealous (feat. Doja Cat)",2fTdRdN73RgIgcUZN33dvt
975,TKN (feat. Travis Scott),4w47S36wQGBhGg073q3nt7
976,DOLLAZ ON MY HEAD (feat. Young Thug),3nS9a01VvXHQriLqJYwRqG
978,COOLER THAN A BITCH (feat. Roddy Ricch),5LHHKZOwV8XW4LJP2C64mw
980,WUNNA,0y7Ao3CVJsyKFmqdjutiIF
982,TOP FLOOR (feat. Travis Scott),4YhJ3a6kBPGJWX4Ek77sDd
984,SKYBOX,7GwYENSg87oERcW0Wacd6m
986,July,6J2LdBN97cDWn0MLxYh9HB
987,Oh Juliana,4xWzZmX4K1yyrdtRfbUvjt
988,Na Raba Toma Tapão,0AGS6ZRgzobrazmCi6pYMe
989,No Guidance (feat. Drake),6XHVuErjQ4XNm6nDPVCxVX
991,Outta Time (feat. Drake),4SCnCPOUOUXUmCX2uHb3r7
992,feel something,7JDWhC422Gtk1Bq0mL3OTC
993,+Linda, 
994,Tak Tiki Tak,7gwwt1IaAWwmB7af0AcuBM
995,September,2grjqo0Frpf2okIBiifQKs
996,DEUX TOILES DE MER,6vw0mOQ5vm3C5RPm7Rvl2w
997,GOOBA,4NhDYoQTYCdWHTvlbGVgwo
998,PUNANI,41xKiK40e7MFu1bqcGSz1d
999,TROLLZ (with Nicki Minaj),3dVvWnj4D8JGkKvo6Hucso
1000,YAYA,6EfBMJQwe2xLgldra6DaYp
1001,Máquina do Tempo,5oI9blwsXC8AkTWw6wASY8
1002,Ain't It Different (feat. AJ Tracey & Stormzy),6NJfIydBMYrXvlaXsFxmc8
1003,Some Say - Felix Jaehn Remix,7C1trmcQQ5n5RNy4l6ziCv
1004,Mariposa,4ja2gzrNh9VNigzoXfmbwD
1005,Banana (feat. Shaggy) - DJ FLe - Minisiren Remix,0dZpw3h6KZhcHec61qwevZ
1006,Ballin' (with Roddy Ricch),3QzAOrNlsabgbMwlZt7TAY
1007,I'm Yours,1EzrEOXmMH3G43AXT1y7pA
1008,Youngblood,2iUXsYOEPhVqEBwsqP70rE
1009,Old Me,58qO4dGa5SgNdtvqvpewyz
1010,Wildflower,6qlcjGJPTZEwR8nf2nSe9C
1011,Teeth,26wLOs3ZuHJa2Ihhx6QIE6
1012,No Shame,5EbidH3lGB30WuDsoR4km6
1013,Rover (feat. DTG),4slSrbTK1sNK4I1mDYEthf
1014,Lovefool,51Of5p3lKZeOg6itfs4og4
1015,Como Llora,52zq2a71SGs3f1vJuv59ui
1016,Walk Em Down (feat. Roddy Ricch),4cSSL3YafYjM3yjgFO1vJg
1017,Narrow Road (feat. Lil Baby),3GZd1aDsgKL71Kt3VIp0hc
1018,Shotta Flow 5,1orjH4IkSH9VrWmRCToKV8
1019,Move Ya Hips (feat. Nicki Minaj & MadeinTYO),13v5IXnvO2BccWwOx5rb4s
1020,What Makes You Beautiful,4cluDES4hQEUhmXj6TXkSo
1021,Story of My Life,4nVBt6MZDDP6tRVdQTgxJg
1022,Skechers,2alc8VZAzDgdAsL2QMk3hu
1023,Hit My Line,24FR8mXTaiGZPrxnkf1kcP
1024,Past Life (with Selena Gomez),7MN8RYSofZsFROBlEOAzXq
1025,Never Know (feat. SHIRIN DAVID),5Hkj1XjMJv5QCGc9NwZm6z
1027,Mios mit Bars,7Ek9e3eIuktIFjpDRQfmHE
1029,Tiefschwarz (feat. Samra),7jMMoHhgq6iwVT5ykyxsJt
1030,Monster,6c1QaQHdDhtFMfUkhueuXK
1031,This City,3H3r2nKWa3Yk5gt8xgmsEt
1032,Tommy Lee (feat. Post Malone),5QZKcQDp0tCcvMdyqEciBV
1033,Prospect (ft. Lil Baby),4iHSE5R1U8jf84tRn52xRt
1034,Don't Stop Believin',4bHsxqR3GMrXTxEPLuK5ue
1035,BLACK PARADE,2qzUpSVI4NnPyWxbXwumTj
1036,Myron,56uXDJRCuoS7abX3SkzHKQ
1037,P2,3kW4z2pIj5VY5fLjBrMRL5
1038,XO Tour Llif3,7GX5flRQZVHRAGd6B4TmDO
1039,Sasuke,0ROE31C8Wu4neZoR9stM9e
1040,That Way - Bonus Track,2ajzBr7vwHTEBeqDzcsNRC
1041,Baby Pluto,7hav1MHURQf5SAoPk0egqh
1042,Lo Mein,6CUP2khYzdphXebxVTfPE3
1043,Futsal Shuffle 2020 - Bonus Track,2fOlBMkWR7lXJfqp5VTbDG
1044,Bean (Kobe) [feat. Chief Keef],0IpnZchq8ek2A6pGEP2Qb1
1045,Silly Watch,5egD7A5x9AHdVO2fMo3Wbo
1046,Lotus,4SnlSaLJJ7reJMCHM5YUuX
1047,Leaders (feat. NAV),4D7NrSeqkTarBrJ80b2sBc
1048,Strawberry Peels (feat. Young Thug & Gunna),4lAQfuREAHG8IC0PiiigBt
1049,Wassup (feat. Future),19Ec2gbNtQTE44IizcPjtD
1050,Moon Relate,4sWGHlZGM1XA7TyWdtBAbA
1051,Trap This Way (This Way),7vTspUAmMKFkUpKL9HLZNL
1052,Homecoming,6vxU64pcIuQ38O015Zy4qj
1053,Got The Guap (feat. Young Thug),1HF6P40Z7nfExGaB1Gk99v
1054,Prices,4YcWzLSnGqLjSCycuSMHnn
1055,I Can Show You,0AhJag7VI8uFf3mJFsTwvf
1056,I'm Sorry,1xcOYJxDa5pObgxY1r0I9c
1057,POP,1jDbQz6tr52WgScCTXMnaN
1058,Celebration Station,25B5fGr9K0VdZJiRFsnMO4
1059,Bigger Than Life,2oHDJHNondITqbl8xZ9vPn
1060,Venetia,3BYIzNZ3t9lRQCACXSMLrT
1061,You Better Move,6YAxCn4juTWn5hWl2hzHGw
1062,Chrome Heart Tags,46mT9NR7N9Zf5MolcrBgE3
1063,Bust Me,4wBcaYqLPm7EtDVoJQORU4
1064,Secure The Bag,7gHZGXSJzM29WA384suYY2
1065,Urgency (feat. Syd),5KlPy74NOEAt8jC3FYURnQ
1066,That Way,5raTDhlbxFDnpn89bxArdH
1067,Futsal Shuffle 2020,2Ec33AVlkTTq8BHFgBTdQs
1068,I Like Me Better,2P91MQbaiQOfbiz9VqhqKQ
1069,Who (feat. BTS),2qG81jL9UIP54uS8gYyP4k
1070,Modern Loneliness,1eyek0KJEh2v5HQ9uQSybb
1071,"fuck, i'm lonely (with Anne-Marie)",09PGubKAMryhOWv1LHpCYz
1072,"fuck, i'm lonely (with Anne-Marie) - from “13 Reasons Why: Season 3”", 
1073,High Hopes,1rqqCSm0Qe4I9rUvWncaom
1074,VACATION,6q2uIyLqASSpv2SIv2ehWK
1075,Ayy Macarena,6LcauUZjF1eXQrgqMUecHX
1076,Bleed,5XzombolzpiaOSTdj1W0VS
1077,"Numbers (feat. Roddy Ricch, Gunna and London On Da Track)",733c1CWmIGymoQXdp7Us88
1078,Might Not Give Up (feat. Young Thug),4l2rsMfr20dj6nf6i6F3Y8
1079,King Of My City,4JEz0Iz8PnzHe5B0CkYSjP
1080,Djomb - Bien ou quoi,0KBwGCY9RYD9t2zjeW4h48
1081,IDK You Yet,0j1Ia2lQWrcXrQZI4AdJlk
1082,Make You Mine,5iFwAOB2TFkPJk8sMlxP8g
1083,M' Manc (con Geolier & Sfera Ebbasta),0MLu1cFYL4ikdRTdasCQT9
1084,Surrender,0ecC8p17cDNlxHXkuYqeR6
1085,Turks (with Gunna & ft. Travis Scott),7IMwEtpAiJanqF6vQteZN2
1086,Let Me Down Slowly,2qxmye6gAegTMjLKEBoR3d
1087,This Is America,0b9oOr2ZgvyQu88wzixux9
1088,Suicidal (Remix) [feat. Juice WRLD],4S2uhQE8L9V6p7rj7SiauJ
1089,Suicidal,4S2uhQE8L9V6p7rj7SiauJ
1090,223's (feat. 9lokknine),4sjiIpEv617LDXaidKioOI
1091,"T.D (Lil Yachty & Tierra Whack feat. A$AP Rocky & Tyler, The Creator)",0gO3E51A3fqp0ypJ26QbVP
1092,Oprah's Bank Account (Lil Yachty & DaBaby feat. Drake),7wsmIIm0xWmtP7TmACXkJn
1093,Oprah’s Bank Account (Lil Yachty & DaBaby feat. Drake),7wsmIIm0xWmtP7TmACXkJn
1094,Daechwita,0H4ugk6rhnXmTl47ayy9O5
1095,Komm Komm,3US6RbELvvrPw3DcvtJmis
1096,eight(Prod.&Feat. SUGA of BTS),0pYacDCZuRhcrwGUA5nTBe
1097,ANGELS & DEMONS,3mkz6eI4Sram8UhO3teU76
1098,Moral of the Story,2nC3QhMI9reBIOWutbU3Tj
1099,Can I,0uDdI4fAXCuNhQbmxENdsO
1100,Emotions,3yZCjDTxzZxx1kll1sRjGc
1101,Allein sein,2TrhpvxwuF6hrboTdRXwnS
1102,"Bad Girls, Good Vibes",7IxGslFZA5QhgXbUsDmcjf
1103,Rich Rich,2QfmSvSMwTXcvlIkU0w1Yk
1104,Broke In A Minute,4xqIYGwwZTEem9U8A42SPF
1105,The Take (feat. Chris Brown),0Odu228D0yGcFySGuxU4rY
1106,Stupid Again,1fPnUpoXCpD2NDI4vPVeLw
1107,SUGAR,6U0FIYXCQ3TGrk4tFpLrEA
1108,If You’re Too Shy (Let Me Know) - Edit,3iEqGBZ2wcpVzhiAcwXVC6
1109,Hate Me (with Juice WRLD),6kls8cSlUyHW2BUOkDJIZE
1110,3 Nights,1tNJrcVe6gwLEiZCtprs1u
1111,BaeBae,1yYBOIXO2H9LDqEPui42GM
1112,Weiss,38YP1STiBe3AZevFFJILf4
1113,Mon Ami,1R4xkZXQUQ8QJtAdwHkSgC
1114,Cradles,1y4jsQt7MjnZhiD1L6qFBC
1115,Good as Hell (feat. Ariana Grande),07Oz5StQ7GRoygNLaXs2pd
1116,Truth Hurts,3HWzoMvoF3TQfYg4UPszDq
1117,Good as Hell (feat. Ariana Grande) - Remix,07Oz5StQ7GRoygNLaXs2pd
1118,I.F.L.Y.,4a6q8CR2hzLk2plDkSxkfD
1119,Young & Alive,5RsKelNxucrDxgMbZ3vd3W
1120,No Judgement,5IUOU5xkzGHsRFOYNu3GSK
1121,Black And White,7rpNuuoMbid56XkDsx2FjE
1122,Nice To Meet Ya,3cphb8kdsjElYR7r5icK3H
1123,Se Me Olvidó,7paFC3FEu1WtPVP4Do6VZN
1124,Lettre à une femme,10rwyGbKAWZ8JZbL7uHl28
1125,Liberdade Provisória - Ao Vivo,3Ghyp3X5Ua9ypHnBIgOObI
1126,Liberdade Provisória,1vG3YuKRYqPwTmNmYgqkpg
1127,René,6gm12xlADJwiBbHIKBXzGW
1128,GOODMORNINGTOKYO!,0Q2n5yzl2XRqYbV77tZNYp
1129,Own It (feat. Ed Sheeran & Burna Boy),4QPEwDdOMhY7rNS05mTyMR
1130,Trampoline (with ZAYN),1iQDltZqI7BXnHrFy4Qo1k
1131,Lottery (Renegade),4dZTZbmJBCCofAExHwefda
1132,Good News,1DWZUa5Mzf2BwzpHtgbHPY
1133,Blue World,2hwOoMtWPtTSSn6WHV7Vp5
1134,I Can See,3R8CyhJfVjvgIROd5RSGhQ
1135,Hand Me Downs,2Yv2mHzr5AQavVdwQjEokV
1136,Complicated,3WfSNAoj2D8C9noPSGZZFM
1137,Woods,3Qa944OTMZkg8DHjET8JQv
1138,Everybody,1OuN92HcVG6NVpWbeESNB3
1139,Surf,1kwnxJNVl7cwcU98RvMBaR
1140,That's On Me,0udOCZp7yk0Ml92C0k8H8D
1141,Once A Day,26G5nmIx7Yvq79bIIluyZV
1142,Hands,6CrnvqCxBKVWahSiQwOesM
1143,Yellow Hearts,2W4yABdLc4Jnds67Poi5Nl
1144,Birthday,5hff5RQeE84pznOt8WEWeO
1145,2002,2BgEsaKNfHUdlh97KmvFyo
1146,"I Do It (ft. Big Sean, Lil Baby)",1bRO28yzxgO3y3UmNR29TZ
1147,Psycho,3CYH422oy1cZNoo0GTG1TK
1148,Break My Stride,1mCsF9Tw4AkIZOjvZbZZdT
1149,Hips Don't Lie (feat. Wyclef Jean),3ZFTkvIE7kyPt6Nu3PEa7V
1150,Going Bad (feat. Drake),2IRZnDFmlqMuOrYOLnZZyc
1151,Donuts,5XVPNr0CAoUn1jD033Ucoo
1152,Post Malone (feat. RANI),0qc4QlcCxVTGyShurEv1UU
1153,Dans l'espace (feat. Heuss l'Enfoiré),2KAkkba3PaYFegfmYpUITv
1154,Don't Call Me Up,5WHTFyqSii0lmT9R21abT8
1155,"Writing on the Wall (feat. Post Malone, Cardi B & Rvssian)",7x9nXsowok1JszkVztI5NI
1156,JACKBOYS,62zKJrpbLxz6InR3tGyr7o
